X;Y;Z
10.5958849731;-2.4325869717;-0.0000000000
10.5958849731;-2.4046108028;0.0251620654
10.5958849731;-2.3807357579;0.0257371978
10.5958849731;-2.3527804377;0.0508873482
10.5958849731;-2.3289175671;0.0514601179
10.5958849731;-2.3050585536;0.0520327949
10.5958849731;-2.2812033459;0.0526053807
10.5958849731;-2.2573525787;0.0531778598
10.5958849731;-2.2335058421;0.0537502422
10.5958849731;-2.2096614957;0.0543225672
10.5958849731;-2.1858228201;0.0548947561
10.5958849731;-2.1619880053;0.0554668524
10.5958849731;-2.1381569783;0.0560388577
10.5958849731;-2.1143303867;0.0566107566
10.5958849731;-2.0905078204;0.0571825588
10.5958849731;-2.0626556946;0.0822935679
10.5958849731;-2.0388455081;0.0828630084
10.5958849731;-2.0150386875;0.0834323685
10.5958849731;-1.9912358869;0.0840016324
10.5958849731;-1.9674379190;0.0845707807
10.5958849731;-1.9436431536;0.0851398524
10.5958849731;-1.9198526667;0.0857088218
10.5958849731;-1.8960663452;0.0862776916
10.5958849731;-1.8722836295;0.0868464752
10.5958849731;-1.8485053350;0.0874151530
10.5958849731;-1.8247310551;0.0879837348
10.5958849731;-1.8009602410;0.0885522337
10.5958849731;-1.7771939839;0.0891206236
10.5958849731;-1.7534317364;0.0896889176
10.5958849731;-1.7296730922;0.0902571255
10.5958849731;-1.7059188630;0.0908252278
10.5958849731;-1.6821686388;0.0913932343
10.5958849731;-1.6584218856;0.0919611577
10.5958849731;-1.6346800826;0.0925289628
10.5958849731;-1.6109414690;0.0930966916
10.5958849731;-1.5872068563;0.0936643248
10.5958849731;-1.5634758301;0.0942318721
10.5958849731;-1.5397491034;0.0947993166
10.5958849731;-1.5160269035;0.0953666529
10.5958849731;-1.4923087004;0.0959338936
10.5958849731;-1.4685940880;0.0965010484
10.5958849731;-1.4448838810;0.0970680978
10.5958849731;-1.4211776687;0.0976350517
10.5958849731;-1.3974749368;0.0982019224
10.5958849731;-1.3737767145;0.0987686852
10.5958849731;-1.3500824847;0.0993353525
10.5958849731;-1.3263918398;0.0999019341
10.5958849731;-1.3027054921;0.1004684130
10.5958849731;-1.2790232358;0.1010347939
10.5958849731;-1.2553445615;0.1016010893
10.5958849731;-1.2316706878;0.1021672698
10.5958849731;-1.2079999866;0.1027333744
10.5958849731;-1.1843332719;0.1032993837
10.5958849731;-1.1606712656;0.1038652804
10.5958849731;-1.1370125208;0.1044310990
10.5958849731;-1.1133581649;0.1049968127
10.5958849731;-1.0897077906;0.1055624312
10.5958849731;-1.0660609903;0.1061279643
10.5958849731;-1.0424184960;0.1066933943
10.5958849731;-1.0187800618;0.1072587272
10.5958849731;-0.9951451990;0.1078239748
10.5958849731;-0.9715147188;0.1083891175
10.5958849731;-0.9478882141;0.1089541651
10.5958849731;-0.9242640512;0.1095191567
10.5958849731;-0.9006454255;0.1100840159
10.5958849731;-0.8770308430;0.1106487784
10.5958849731;-0.8534198261;0.1112134557
10.5958849731;-0.8298131855;0.1117780282
10.5958849731;-0.8062105145;0.1123425058
10.5958849731;-0.7826113460;0.1129068997
10.5958849731;-0.7590170185;0.1134711778
10.5958849731;-0.7354258457;0.1140353804
10.5958849731;-0.7118390442;0.1145994785
10.5958849731;-0.6882562072;0.1151634818
10.5958849731;-0.6646768770;0.1157274012
10.5958849731;-0.6411019676;0.1162912149
10.5958849731;-0.6175310197;0.1168549339
10.5958849731;-0.5939636267;0.1174185678
10.5958849731;-0.5704005987;0.1179820973
10.5958849731;-0.5468414873;0.1185455332
10.5958849731;-0.5232859715;0.1191088831
10.5958849731;-0.4997348177;0.1196721286
10.5958849731;-0.4761876194;0.1202352796
10.5958849731;-0.4526439701;0.1207983456
10.5958849731;-0.4291046797;0.1213613075
10.5958849731;-0.4055693107;0.1219241755
10.5958849731;-0.3820375208;0.1224869580
10.5958849731;-0.3585104919;0.1230496265
10.5958849731;-0.3349866020;0.1236122201
10.5958849731;-0.3114666606;0.1241747191
10.5958849731;-0.2879502314;0.1247371342
10.5958849731;-0.2644381859;0.1252994445
10.5958849731;-0.2409304900;0.1258616507
10.5958849731;-0.2174267397;0.1264237625
10.5958849731;-0.1939265279;0.1269857898
10.5958849731;-0.1704306507;0.1275477133
10.5958849731;-0.1469387299;0.1281095423
10.5958849731;-0.1234503446;0.1286712867
10.5958849731;-0.0999663039;0.1292329272
10.5958849731;-0.0764862017;0.1297944735
10.5958849731;-0.0530096282;0.1303559354
10.5958849731;-0.0295374020;0.1309172933
10.5958849731;-0.0060691114;0.1314785571
10.5958849731;0.0173956494;0.1320397365
10.5958849731;0.0408556671;0.1326008025
10.5958849731;0.0643125615;0.1331617937
10.5958849731;0.0877655176;0.1337226908
10.5958849731;0.1112137387;0.1342834746
10.5958849731;0.1346588393;0.1348441838
10.5958849731;0.1580996067;0.1354047894
10.5958849731;0.1815364463;0.1359653010
10.5958849731;0.2049697482;0.1365257280
10.5958849731;0.2283987336;0.1370860518
10.5958849731;0.2518250157;0.1376463110
10.5958849731;0.2752453358;0.1382064275
10.5958849731;0.2986637712;0.1387664990
10.5958849731;0.3220758179;0.1393264177
10.5958849731;0.3454868131;0.1398863112
10.5958849731;0.3688910423;0.1404460430
10.5958849731;0.3922937943;0.1410057394
10.5958849731;0.4156905912;0.1415652933
10.5958849731;0.4390850707;0.1421247919
10.5958849731;0.4624740333;0.1426841585
10.5958849731;0.4858615219;0.1432434899
10.5958849731;0.5092418477;0.1438026499
10.5958849731;0.5326215092;0.1443617941
10.5958849731;0.5559944144;0.1449207767
10.5958849731;0.5793658046;0.1454797230
10.5958849731;0.6027312913;0.1460385282
10.5958849731;0.6260949047;0.1465972886
10.5958849731;0.6494546099;0.1471559555
10.5958849731;0.6728083727;0.1477144803
10.5958849731;0.6961602115;0.1482729590
10.5958849731;0.7195057592;0.1488312873
10.5958849731;0.7428502438;0.1493895902
10.5958849731;0.7661879830;0.1499477318
10.5958849731;0.7895242584;0.1505058383
10.5958849731;0.8128545363;0.1510638015
10.5958849731;0.8361830084;0.1516217214
10.5958849731;0.8595051437;0.1521794898
10.5958849731;0.8828262217;0.1527372329
10.5958849731;0.9061401582;0.1532948052
10.5958849731;0.9294533717;0.1538523602
10.5958849731;0.9527599186;0.1544097558
10.5958849731;0.9760650079;0.1549671165
10.5958849731;0.9993641707;0.1555243355
10.5958849731;1.0226614741;0.1560815100
10.5958849731;1.0459524501;0.1566385331
10.5958849731;1.0692422933;0.1571955292
10.5958849731;1.0925254879;0.1577523663
10.5958849731;1.1158072294;0.1583091686
10.5958849731;1.1390830514;0.1588658294
10.5958849731;1.1623570186;0.1594224458
10.5958849731;1.1856245755;0.1599789089
10.5958849731;1.2088911737;0.1605353491
10.5958849731;1.2321510510;0.1610916285
10.5958849731;1.2554094799;0.1616478733
10.5958849731;1.2786644298;0.1622040349
10.5958849731;1.3019121605;0.1627600238
10.5958849731;1.3251593480;0.1633159998
10.5958849731;1.3484002235;0.1638718247
10.5958849731;1.3716388486;0.1644275959
10.5958849731;1.3948719697;0.1649832354
10.5958849731;1.4181031370;0.1655388283
10.5958849731;1.4413281031;0.1660942728
10.5958849731;1.4645520302;0.1666496924
10.5958849731;1.4877692497;0.1672049516
10.5958849731;1.5109850291;0.1677601764
10.5958849731;1.5341949084;0.1683152601
10.5958849731;1.5574028284;0.1688702969
10.5958849731;1.5806045645;0.1694251859
10.5958849731;1.6038052662;0.1699800501
10.5958849731;1.6235912132;0.1463303921
10.5958849731;1.6467876601;0.1468871659
10.5958849731;1.6699776847;0.1474437855
10.5958849731;1.6931668002;0.1480003833
10.5958849731;1.7163492187;0.1485568204
10.5958849731;1.7395302036;0.1491132230
10.5958849731;1.7627052986;0.1496694843
10.5958849731;1.7858785592;0.1502257016
10.5958849731;1.8090453925;0.1507817646
10.5958849731;1.8322109309;0.1513377965
10.5958849731;1.8553705838;0.1518936871
10.5958849731;1.8785284056;0.1524495338
10.5958849731;1.9016823704;0.1530052879
10.5958849731;1.9248303071;0.1535608973
10.5958849731;1.9479765593;0.1541164663
10.5958849731;1.9711165298;0.1546718845
10.5958849731;1.9942554769;0.1552272782
10.5958849731;2.0173877427;0.1557825114
10.5958849731;2.0405184301;0.1563377068
10.5958849731;2.0636429934;0.1568927552
10.5958849731;2.0867665362;0.1574477791
10.5958849731;2.1098834025;0.1580026428
10.5958849731;2.1329988482;0.1585574723
10.5958849731;2.1561082596;0.1591121570
10.5958849731;2.1792160119;0.1596668019
10.5958849731;2.2023174941;0.1602212963
10.5958849731;2.2254179603;0.1607757663
10.5958849731;2.2485117570;0.1613300762
10.5958849731;2.2716041376;0.1618843522
10.5958849731;2.2946900789;0.1624384735
10.5958849731;2.3177751792;0.1629925747
10.5958849731;2.3408536148;0.1635465159
10.5958849731;2.3639306374;0.1641004232
10.5958849731;2.3870018004;0.1646541899
10.5958849731;2.4100709680;0.1652079086
10.5958849731;2.4331340578;0.1657614815
10.5958849731;2.4561957376;0.1663150206
10.5958849731;2.4792515624;0.1668684191
10.5958849731;2.5023055774;0.1674217741
10.5958849731;2.5253555702;0.1679750326
10.5958849731;2.5483999008;0.1685281552
10.5958849731;2.5714424239;0.1690812345
10.5958849731;2.5944786967;0.1696341637
10.5958849731;2.6175139672;0.1701870688
10.5958849731;2.6405423872;0.1707398095
10.5958849731;2.6635696020;0.1712925213
10.5958849731;2.6865905710;0.1718450832
10.5958849731;2.7096105391;0.1723976210
10.5958849731;2.7326238628;0.1729499994
10.5958849731;2.7556357862;0.1735023441
10.5958849731;2.7786416590;0.1740545437
10.5958849731;2.8016459407;0.1746067050
10.5958849731;2.8246439835;0.1751587166
10.5958849731;2.8476410297;0.1757107042
10.5958849731;2.8706314386;0.1762625326
10.5958849731;2.8936202329;0.1768143222
10.5958849731;2.9166030100;0.1773659673
10.5958849731;2.9395847934;0.1779175887
10.5958849731;2.9625599442;0.1784690508
10.5958849731;2.9855337023;0.1790204795
10.5958849731;3.0085014037;0.1795717628
10.5958849731;3.0282927087;0.1560367360
10.5958849731;3.0512564241;0.1565899151
10.5958849731;3.0742187485;0.1571430607
10.5958849731;3.0971752469;0.1576960660
10.5958849731;3.1201297198;0.1582490224
10.5958849731;3.1430806200;0.1588018928
10.5958849731;3.1660256976;0.1593546229
10.5958849731;3.1889689877;0.1599073100
10.5958849731;3.2119060572;0.1604598472
10.5958849731;3.2348421410;0.1610123607
10.5958849731;3.2577713604;0.1615647088
10.5958849731;3.2806994398;0.1621170295
10.5958849731;3.3036213032;0.1626692004
10.5958849731;3.3265421838;0.1632213476
10.5958849731;3.3494564507;0.1637733356
10.5958849731;3.3723690817;0.1643252841
10.5958849731;3.3952761540;0.1648770987
10.5958849731;3.4181814465;0.1654288704
10.5958849731;3.4410805300;0.1659804926
10.5958849731;3.4639786348;0.1665320912
10.5958849731;3.4868698700;0.1670835243
10.5958849731;3.5097599896;0.1676349305
10.5958849731;3.5326439047;0.1681861873
10.5958849731;3.5555268456;0.1687374206
10.5958849731;3.5784031831;0.1692884948
10.5958849731;3.6012778750;0.1698395294
10.5958849731;3.6241470363;0.1703904308
10.5958849731;3.6470144257;0.1709412895
10.5958849731;3.6698756174;0.1714919989
10.5958849731;3.6927354381;0.1720426752
10.5958849731;3.7155894628;0.1725932119
10.5958849731;3.7384414368;0.1731436993
10.5958849731;3.7612899098;0.1736941023
10.5958849731;3.7841325900;0.1742443657
10.5958849731;3.8069735037;0.1747945866
10.5958849731;3.8298082277;0.1753446584
10.5958849731;3.8526416947;0.1758946999
10.5958849731;3.8754688637;0.1764445897
10.5958849731;3.8982946684;0.1769944467
10.5958849731;3.9211142879;0.1775441546
10.5958849731;3.9439329436;0.1780938393
10.5958849731;3.9667447186;0.1786433583
10.5958849731;3.9895554293;0.1791928516
10.5958849731;4.0123603582;0.1797422057
10.5958849731;4.0351635284;0.1802915174
10.5958849731;4.0579605201;0.1808406802
10.5958849731;4.0807558462;0.1813898030
10.5958849731;4.1035457006;0.1819387939
10.5958849731;4.1263337991;0.1824877425
10.5958849731;4.1491157238;0.1830365424
10.5958849731;4.1718966918;0.1835853192
10.5958849731;4.1946710894;0.1841339378
10.5958849731;4.2174438157;0.1846825161
10.5958849731;4.2402110869;0.1852309630
10.5958849731;4.2629766070;0.1857793678
10.5958849731;4.2857359600;0.1863276239
10.5958849731;4.3084939619;0.1868758475
10.5958849731;4.3312458717;0.1874239244
10.5958849731;4.3539963575;0.1879719670
10.5958849731;4.3737902404;0.1645511474
10.5958849731;4.3965349445;0.1651010240
10.5958849731;4.4192779015;0.1656508583
10.5958849731;4.4420146982;0.1662005436
10.5958849731;4.4647502104;0.1667501980
10.5958849731;4.4874795016;0.1672997019
10.5958849731;4.5102074457;0.1678491732
10.5958849731;4.5329292339;0.1683984958
10.5958849731;4.5556497336;0.1689477871
10.5958849731;4.5783640223;0.1694969283
10.5958849731;4.6010769682;0.1700460371
10.5958849731;4.6237841609;0.1705950068
10.5958849731;4.6464896142;0.1711439344
10.5958849731;4.6691889183;0.1716927133
10.5958849731;4.6918865302;0.1722414514
10.5958849731;4.7145787439;0.1727900589
10.5958849731;4.7372692213;0.1733386245
10.5958849731;4.7570628299;0.1499429634
10.5958849731;4.7797499422;0.1504934162
10.5958849731;4.8197154918;0.2945640000
10.5958849731;4.8168369839;0.2706637277
10.5958849731;4.8139572796;0.2467535219
10.5958849731;4.8110769549;0.2228381655
10.5958849731;4.8081954840;0.1989132916
10.5958849731;4.8053134405;0.1749836632
10.5958849731;4.8024301524;0.1510437016
10.5958849731;4.7995463399;0.1270993856
10.5958849731;4.8624727429;0.4621958579
10.5958849731;4.8596040948;0.4383487628
10.5958849731;4.8567342732;0.4144919135
10.5958849731;4.8538638171;0.3906297881
10.5958849731;4.8509922366;0.3667583164
10.5958849731;4.8481197668;0.3428794523
10.5958849731;4.8452467275;0.3189958533
10.5958849731;4.8423724466;0.2951019328
10.5958849731;4.9051294157;0.6294411504
10.5958849731;4.9022703058;0.6056446885
10.5958849731;4.8994106134;0.5818433792
10.5958849731;4.8965496977;0.5580318881
10.5958849731;4.8936882602;0.5342160545
10.5958849731;4.8908256436;0.5103904064
10.5958849731;4.8879624537;0.4865599874
10.5958849731;4.8850980338;0.4627193309
10.5958849731;4.9448405535;0.7725578144
10.5958849731;4.9419903618;0.7488069472
10.5958849731;4.9391396011;0.7250513375
10.5958849731;4.9362876097;0.7012854726
10.5958849731;4.9334351060;0.6775153388
10.5958849731;4.9305814271;0.6537354126
10.5958849731;4.9277271284;0.6299503209
10.5958849731;4.9873101739;0.9390843991
10.5958849731;4.9844700522;0.9153888499
10.5958849731;4.9816287464;0.8916834206
10.5958849731;4.9787868398;0.8679729793
10.5958849731;4.9759437986;0.8442530722
10.5958849731;4.9731001979;0.8205284968
10.5958849731;4.9702553776;0.7967937453
10.5958849731;4.9674100393;0.7730546730
10.5958849731;5.0296849295;1.1052310571
10.5958849731;5.0268545152;1.0815879347
10.5958849731;5.0240229420;1.0579351319
10.5958849731;5.0211907612;1.0342772537
10.5958849731;5.0183574606;1.0106100218
10.5958849731;5.0155232993;0.9869355996
10.5958849731;5.0126885718;0.9632564485
10.5958849731;5.0098526214;0.9395670819
10.5958849731;5.0719600366;1.2709962183
10.5958849731;5.0691390240;1.2474030963
10.5958849731;5.0663174356;1.2238051590
10.5958849731;5.0634946427;1.2001971477
10.5958849731;5.0606713462;1.1765849252
10.5958849731;5.0578468829;1.1529629439
10.5958849731;5.0550218650;1.1293363248
10.5958849731;5.0521956300;1.1056995259
10.5958849731;5.1141403220;1.4363790120
10.5958849731;5.1113292466;1.4128405023
10.5958849731;5.1085170226;1.3892923754
10.5958849731;5.1057042365;1.3657395407
10.5958849731;5.1028902381;1.3421765555
10.5958849731;5.1000757399;1.3186093847
10.5958849731;5.0972600965;1.2950326248
10.5958849731;5.0944438286;1.2714506357
10.5958849731;5.1562243694;1.6013859819
10.5958849731;5.1534225498;1.5778965089
10.5958849731;5.1506202491;1.5544030019
10.5958849731;5.1478167761;1.5308996673
10.5958849731;5.1450127215;1.5073914570
10.5958849731;5.1422075440;1.4838738316
10.5958849731;5.1394018197;1.4603516227
10.5958849731;5.1365949000;1.4368193919
10.5958849731;5.1982101239;1.7660151771
10.5958849731;5.1954178856;1.7425775962
10.5958849731;5.1926251426;1.7191357787
10.5958849731;5.1898312588;1.6956843855
10.5958849731;5.1870367861;1.6722280496
10.5958849731;5.1842412055;1.6487624135
10.5958849731;5.1814447851;1.6252897286
10.5958849731;5.1786478054;1.6018123495
10.5958849731;5.2373192452;1.9068822555
10.5958849731;5.2345357695;1.8834898169
10.5958849731;5.2317517245;1.8600925945
10.5958849731;5.2289664935;1.8366854041
10.5958849731;5.2261807767;1.8132741313
10.5958849731;5.2233939052;1.7898531547
10.5958849731;5.2206064974;1.7664276709
10.5958849731;5.2791218830;2.0708093574
10.5958849731;5.2763482133;2.0474709535
10.5958849731;5.2735733804;2.0241227620
10.5958849731;5.2707980297;2.0007702140
10.5958849731;5.2680214660;1.9774074599
10.5958849731;5.2652444146;1.9540406017
10.5958849731;5.2624662417;1.9306643066
10.5958849731;5.2596874512;1.9072828154
10.5958849731;5.3208327818;2.2343659439
10.5958849731;5.3180682101;2.2110757485
10.5958849731;5.3153031751;2.1877816495
10.5958849731;5.3125369796;2.1644777744
10.5958849731;5.3097702213;2.1411691575
10.5958849731;5.3070023513;2.1178511755
10.5958849731;5.3042339471;2.0945286930
10.5958849731;5.3014643521;2.0711961784
10.5958849731;5.3624458559;2.3975495988
10.5958849731;5.3596907248;2.3743106235
10.5958849731;5.3569351007;2.3510674894
10.5958849731;5.3541783536;2.3278148828
10.5958849731;5.3514210359;2.3045574638
10.5958849731;5.3486626219;2.2812907972
10.5958849731;5.3459033887;2.2580172209
10.5958849731;5.3431436030;2.2347389842
10.5958849731;5.4039663653;2.5603595003
10.5958849731;5.4012209227;2.5371739674
10.5958849731;5.3984744341;2.5139796016
10.5958849731;5.3957273828;2.4907804827
10.5958849731;5.3929791634;2.4675715003
10.5958849731;5.3902304757;2.4443585618
10.5958849731;5.3874806453;2.4211359737
10.5958849731;5.3847302964;2.3979090068
10.5958849731;5.4453904372;2.7228019045
10.5958849731;5.4426540621;2.6996646992
10.5958849731;5.4399172371;2.6765236898
10.5958849731;5.4371792606;2.6533729439
10.5958849731;5.4344407843;2.6302179717
10.5958849731;5.4317011134;2.6070528990
10.5958849731;5.4289609541;2.5838836966
10.5958849731;5.4262197027;2.5607052599
10.5958849731;5.4867226156;2.8848734283
10.5958849731;5.4839958691;2.8617894217
10.5958849731;5.4812680496;2.8386963307
10.5958849731;5.4785397353;2.8155990513
10.5958849731;5.4758102722;2.7924920467
10.5958849731;5.4730802646;2.7693804316
10.5958849731;5.4703491565;2.7462595007
10.5958849731;5.4676175265;2.7231341508
10.5958849731;5.5252415830;3.0235466933
10.5958849731;5.5225230450;3.0005039845
10.5958849731;5.5198039976;2.9774569582
10.5958849731;5.5170838447;2.9544005606
10.5958849731;5.5143631390;2.9313394788
10.5958849731;5.5116413485;2.9082692011
10.5958849731;5.5089187589;2.8851921505
10.5958849731;5.5663959812;3.1849350831
10.5958849731;5.5636869635;3.1619449111
10.5958849731;5.5609769223;3.1389460531
10.5958849731;5.5582663246;3.1159424721
10.5958849731;5.5555545768;3.0929291302
10.5958849731;5.5528423492;3.0699117177
10.5958849731;5.5501290472;3.0468851864
10.5958849731;5.5474151882;3.0238539282
10.5958849731;5.6074555502;3.3459605735
10.5958849731;5.6047554658;3.3230180833
10.5958849731;5.6020549485;3.3000719150
10.5958849731;5.5993532977;3.2771161148
10.5958849731;5.5966511517;3.2541561075
10.5958849731;5.5939478296;3.2311861074
10.5958849731;5.5912440305;3.2082120536
10.5958849731;5.5885391621;3.1852289139
10.5958849731;5.6484240850;3.5066200424
10.5958849731;5.6457334902;3.4837300892
10.5958849731;5.6430418389;3.4608311472
10.5958849731;5.6403497102;3.4379281439
10.5958849731;5.6376564442;3.4150154656
10.5958849731;5.6349626514;3.3920983058
10.5958849731;5.6322677693;3.3691718787
10.5958849731;5.6295723772;3.3462411127
10.5958849731;5.6892976071;3.6669191528
10.5958849731;5.6866162107;3.6440793873
10.5958849731;5.6839337114;3.6212302271
10.5958849731;5.6812507084;3.5983767774
10.5958849731;5.6785666170;3.5755140562
10.5958849731;5.6758819904;3.5526467765
10.5958849731;5.6731962902;3.5297703519
10.5958849731;5.6705098106;3.5068872888
10.5958849731;5.7300817939;3.8268568627
10.5958849731;5.7274092699;3.8040646350
10.5958849731;5.7247361477;3.7812673055
10.5958849731;5.7220620240;3.7584614346
10.5958849731;5.7193873499;3.7356508703
10.5958849731;5.7167115431;3.7128306461
10.5958849731;5.7140352678;3.6900064261
10.5958849731;5.7113579405;3.6671732339
10.5958849731;5.7707718930;3.9864322265
10.5958849731;5.7681087123;3.9636916793
10.5958849731;5.7654443981;3.9409414528
10.5958849731;5.7627796546;3.9181875607
10.5958849731;5.7601137955;3.8954241431
10.5958849731;5.7574474581;3.8726566414
10.5958849731;5.7547799568;3.8498792008
10.5958849731;5.7521119895;3.8270977810
10.5958849731;5.8087183409;4.1229574830
10.5958849731;5.8060633735;4.1002590873
10.5958849731;5.8034073658;4.0775517970
10.5958849731;5.8007508609;4.0548402570
10.5958849731;5.7980933035;4.0321197180
10.5958849731;5.7954351639;4.0093942011
10.5958849731;5.7927760183;3.9866600843
10.5958849731;5.8492345845;4.2818675904
10.5958849731;5.8465886816;4.2592187406
10.5958849731;5.8439416982;4.2365606422
10.5958849731;5.8412942169;4.2138982817
10.5958849731;5.8386456640;4.1912267477
10.5958849731;5.8359965929;4.1685507789
10.5958849731;5.8333464594;4.1458657153
10.5958849731;5.8306955658;4.1231741452
10.5958849731;5.8896626675;4.4404209751
10.5958849731;5.8870255124;4.4178190846
10.5958849731;5.8843877656;4.3952121229
10.5958849731;5.8817490388;4.3725967620
10.5958849731;5.8791097678;4.3499767365
10.5958849731;5.8764693812;4.3273471505
10.5958849731;5.8738285370;4.3047136423
10.5958849731;5.8711866628;4.2820713059
10.5958849731;5.9299966761;4.5986167291
10.5958849731;5.9273687246;4.5760658299
10.5958849731;5.9247396566;4.5535053489
10.5958849731;5.9221101752;4.5309413211
10.5958849731;5.9194795898;4.5083678193
10.5958849731;5.9168485424;4.4857903542
10.5958849731;5.9142163431;4.4632030031
10.5958849731;5.9115836886;4.4406117461
10.5958849731;5.9518926926;4.5987946653
10.5958849731;5.9737832132;4.5989725569
10.5958849731;5.9982892606;4.6216913115
10.5958849731;6.0201689269;4.6218673159
10.5958849731;6.0446561634;4.6445720713
10.5958849731;6.0665257751;4.6447461969
10.5958849731;6.0883938898;4.6449203106
10.5958849731;6.1102585123;4.6450943964
10.5958849731;6.1321176480;4.6452684386
10.5958849731;6.1539748289;4.6454424652
10.5958849731;6.1758265875;4.6456164487
10.5958849731;6.1976776441;4.6457904265
10.5958849731;6.2195224264;4.6459643544
10.5958849731;6.2413661122;4.6461382736
10.5958849731;6.2632034537;4.6463121422
10.5958849731;6.2850405619;4.6464860090
10.5958849731;6.3068714000;4.6466598259
10.5958849731;6.3287011442;4.6468336341
10.5958849731;6.3505254116;4.6470073986
10.5958849731;6.3723481909;4.6471811513
10.5958849731;6.3941646223;4.6473548535
10.5958849731;6.4159804383;4.6475285507
10.5958849731;6.4377907814;4.6477022044
10.5958849731;6.4595996390;4.6478758463
10.5958849731;6.4814026304;4.6480494414
10.5958849731;6.5032044431;4.6482230272
10.5958849731;6.5250004798;4.6483965670
10.5958849731;6.5467954292;4.6485700981
10.5958849731;6.5685849116;4.6487435857
10.5958849731;6.5903729126;4.6489170615
10.5958849731;6.6121545602;4.6490904867
10.5958849731;6.6339356146;4.6492639072
10.5958849731;6.6557112060;4.6494372842
10.5958849731;6.6774853187;4.6496106495
10.5958849731;6.6992559617;4.6497839871
10.5958849731;6.7210206435;4.6499572772
10.5958849731;6.7427843481;4.6501305595
10.5958849731;6.7645421997;4.6503037953
10.5958849731;6.7862989710;4.6504770224
10.5958849731;6.8080502862;4.6506502062
10.5958849731;6.8298001706;4.6508233785
10.5958849731;6.8515436521;4.6509964998
10.5958849731;6.8732869597;4.6511696198
10.5958849731;6.8950240255;4.6513426900
10.5958849731;6.9167600148;4.6515157517
10.5958849731;6.9384905539;4.6516887700
10.5958849731;6.9602191044;4.6518617725
10.5958849731;6.9819423291;4.6520347325
10.5958849731;7.0036644797;4.6522076840
10.5958849731;7.0253811842;4.6523805922
10.5958849731;7.0470964212;4.6525534886
10.5958849731;7.0688058195;4.6527263386
10.5958849731;7.0905140128;4.6528991790
10.5958849731;7.1122165012;4.6530719739
10.5958849731;7.1339179195;4.6532447603
10.5958849731;7.1556138974;4.6534175035
10.5958849731;7.1773078776;4.6535902307
10.5958849731;7.1989965579;4.6537629157
10.5958849731;7.2206841705;4.6539355922
10.5958849731;7.2423663468;4.6541082254
10.5958849731;7.2640470623;4.6542808470
10.5958849731;7.2857243304;4.6544534412
10.5958849731;7.3073956213;4.6546259877
10.5958849731;7.3290659957;4.6547985270
10.5958849731;7.3507305445;4.6549710199
10.5958849731;7.3723940300;4.6551435043
10.5958849731;7.3940520860;4.6553159454
10.5958849731;7.4133148479;4.6330740556
10.5958849731;7.4349690168;4.6332482460
10.5958849731;7.4566225181;4.6334224310
10.5958849731;7.4782698046;4.6335965660
10.5958849731;7.4999160307;4.6337706925
10.5958849731;7.5215568321;4.6339447754
10.5958849731;7.5431956195;4.6341188420
10.5958849731;7.5648291496;4.6342928664
10.5958849731;7.5864616217;4.6344668823
10.5958849731;7.6080886731;4.6346408545
10.5958849731;7.6297137069;4.6348148106
10.5958849731;7.6513334936;4.6349887244
10.5958849731;7.6729526186;4.6351626329
10.5958849731;7.6945655393;4.6353364914
10.5958849731;7.7161774489;4.6355103419
10.5958849731;7.7377839005;4.6356841484
10.5958849731;7.7593883291;4.6358579387
10.5958849731;7.7809875261;4.6360316869
10.5958849731;7.8025856714;4.6362054266
10.5958849731;7.8241784057;4.6363791228
10.5958849731;7.8457696960;4.6365528074
10.5958849731;7.8673569759;4.6367264597
10.5958849731;7.8889394302;4.6369000732
10.5958849731;7.9105204427;4.6370736751
10.5958849731;7.9320956556;4.6372472304
10.5958849731;7.9536698213;4.6374207772
10.5958849731;7.9752385827;4.6375942806
10.5958849731;7.9968053113;4.6377677676
10.5958849731;8.0183668364;4.6379412127
10.5958849731;8.0376315133;4.6157442532
10.5958849731;8.0591895634;4.6159194429
10.5958849731;8.0807459693;4.6160946193
10.5958849731;8.1022975738;4.6162697567
10.5958849731;8.1238477419;4.6164448824
10.5958849731;8.1453921194;4.6166199610
10.5958849731;8.1669354550;4.6167950312
10.5958849731;8.1884733949;4.6169700575
10.5958849731;8.2100092922;4.6171450673
10.5958849731;8.2315400104;4.6173200349
10.5958849731;8.2530700818;4.6174949973
10.5958849731;8.2745939758;4.6176699095
10.5958849731;8.2961168315;4.6178448132
10.5958849731;8.3176332881;4.6180196650
10.5958849731;8.3391497154;4.6181945165
10.5958849731;8.3606599695;4.6183693178
10.5958849731;8.3821691877;4.6185441107
10.5958849731;8.4036730200;4.6187188599
10.5958849731;8.4251754251;4.6188935974
10.5958849731;8.4466737989;4.6190683022
10.5958849731;8.4681674140;4.6192429684
10.5958849731;8.4896596039;4.6194176229
10.5958849731;8.5111460202;4.6195922305
10.5958849731;8.5326307730;4.6197668246
10.5958849731;8.5541107771;4.6199413801
10.5958849731;8.5755893586;4.6201159241
10.5958849731;8.5970622133;4.6202904215
10.5958849731;8.6185343886;4.6204649134
10.5958849731;8.6400004039;4.6206393553
10.5958849731;8.6614647502;4.6208137835
10.5958849731;8.6829243629;4.6209881733
10.5958849731;8.7043825568;4.6211625516
10.5958849731;8.7258349871;4.6213368831
10.5958849731;8.7472863922;4.6215112062
10.5958849731;8.7665489243;4.5993717332
10.5958849731;8.7879968711;4.5995477924
10.5958849731;8.8094390571;4.5997238043
10.5958849731;8.8308806114;4.5998998110
10.5958849731;8.8523160149;4.6000757673
10.5958849731;8.8737503958;4.6002517151
10.5958849731;8.8951783621;4.6004276103
10.5958849731;8.9166063553;4.6006035057
10.5958849731;8.9380282019;4.6007793506
10.5958849731;8.9594490284;4.6009551872
10.5958849731;8.9808644940;4.6011309798
10.5958849731;9.0022778832;4.6013067553
10.5958849731;9.0236885518;4.6014825085
10.5958849731;9.0450938624;4.6016582177
10.5958849731;9.0664977642;4.6018339153
10.5958849731;9.0878959182;4.6020095658
10.5958849731;9.1071617675;4.5798906540
10.5958849731;9.1285568638;4.5800680397
10.5958849731;9.1499505530;4.5802454138
10.5958849731;9.1713384973;4.5804227401
10.5958849731;9.1927258188;4.5806000614
10.5958849731;9.2141063250;4.5807773261
10.5958849731;9.2354864974;4.5809545881
10.5958849731;9.2568613202;4.5811318057
10.5958849731;9.2782347397;4.5813090116
10.5958849731;9.2996024203;4.5814861700
10.5958849731;9.3209690902;4.5816633200
10.5958849731;9.3423297244;4.5818404200
10.5958849731;9.3636896464;4.5820175141
10.5958849731;9.3850438333;4.5821945606
10.5958849731;9.4063974032;4.5823716020
10.5958849731;9.4277448488;4.5825485926
10.5958849731;9.4490905899;4.5827255691
10.5958849731;9.4704313382;4.5829025042
10.5958849731;9.4896999924;4.5608136141
10.5958849731;9.5110372597;4.5609922762
10.5958849731;9.5323735214;4.5611709299
10.5958849731;9.5537044460;4.5613495389
10.5958849731;9.5750332687;4.5615281303
10.5958849731;9.5963594312;4.5617066994
10.5958849731;9.6176802595;4.5618852239
10.5958849731;9.6389996943;4.5620637366
10.5958849731;9.6603126932;4.5622421955
10.5958849731;9.6816254020;4.5624206520
10.5958849731;9.7029327802;4.5625990638
10.5958849731;9.7242387676;4.5627774640
10.5958849731;9.7455390357;4.5629558163
10.5958849731;9.7668386955;4.5631341635
10.5958849731;9.7881315257;4.5633124536
10.5958849731;9.8094240783;4.5634907413
10.5958849731;9.8307113062;4.5636689844
10.5958849731;9.8519971470;4.5638472159
10.5958849731;9.8732772744;4.5640253995
10.5958849731;9.8945556773;4.5642035687
10.5958849731;9.9158294869;4.5643816995
10.5958849731;9.9371019121;4.5645598187
10.5958849731;9.9583686277;4.5647378900
10.5958849731;9.9796347409;4.5649159563
10.5958849731;10.0008947562;4.5650939716
10.5958849731;10.0221530416;4.5652719724
10.5958849731;10.0434063582;4.5654499315
10.5958849731;10.0646590746;4.5656278857
10.5958849731;10.0859056971;4.5658057888
10.5958849731;10.1071505862;4.5659836774
10.5958849731;10.1283909064;4.5661615277
10.5958849731;10.1496298486;4.5663393665
10.5958849731;10.1688981698;4.5442990548
10.5958849731;10.1901317667;4.5444785969
10.5958849731;10.2113639026;4.5446581266
10.5958849731;10.2325896712;4.5448376025
10.5958849731;10.2538151219;4.5450170757
10.5958849731;10.2750353503;4.5451965047
10.5958849731;10.2962541204;4.5453759214
10.5958849731;10.3174672802;4.5455552906
10.5958849731;10.3386790019;4.5457346477
10.5958849731;10.3598854846;4.5459139605
10.5958849731;10.3810909015;4.5460932643
10.5958849731;10.4022907119;4.5462725207
10.5958849731;10.4234898473;4.5464517714
10.5958849731;10.4446829884;4.5466309713
10.5958849731;10.4658742963;4.5468101558
10.5958849731;10.4870611595;4.5469893027
10.5958849731;10.5082465708;4.5471684373
10.5958849731;10.5294263815;4.5473475246
10.5958849731;10.5506047449;4.5475265996
10.5958849731;10.5717778942;4.5477056306
10.5958849731;10.5929499837;4.5478846526
10.5958849731;10.6141164764;4.5480636272
10.5958849731;10.6352822999;4.5482425962
10.5958849731;10.6564421391;4.5484215146
10.5958849731;10.6776001362;4.5486004174
10.5958849731;10.6987537128;4.5487792829
10.5958849731;10.7199058439;4.5489581361
10.5958849731;10.7410547351;4.5491369619
10.5958849731;10.7621983419;4.5493157431
10.5958849731;10.7833397128;4.5494945053
10.5958849731;10.8044762864;4.5496732270
10.5958849731;10.8256118067;4.5498519398
10.5958849731;10.8467421299;4.5500306086
10.5958849731;10.8678710120;4.5502092652
10.5958849731;10.8889943099;4.5503878746
10.5958849731;10.9101161448;4.5505664717
10.5958849731;10.9312328080;4.5507450250
10.5958849731;10.9523484216;4.5509235695
10.5958849731;10.9734584548;4.5511020667
10.5958849731;10.9945670214;4.5512805516
10.5958849731;11.0156704262;4.5514589928
10.5958849731;11.0367727838;4.5516374252
10.5958849731;11.0578699536;4.5518158136
10.5958849731;11.0789656886;4.5519941900
10.5958849731;11.1000558489;4.5521725192
10.5958849731;11.1211445372;4.5523508360
10.5958849731;11.1422280785;4.5525291093
10.5958849731;11.1633105761;4.5527073737
10.5958849731;11.1843875030;4.5528855910
10.5958849731;11.2054637760;4.5530638028
10.5958849731;11.2265332682;4.5532419573
10.5958849731;11.2476025411;4.5534201099
10.5958849731;11.2686666354;4.5535982187
10.5958849731;11.2897293012;4.5537763155
10.5958849731;11.3107887480;4.5539543850
10.5958849731;11.3318428522;4.5541324093
10.5958849731;11.3528948644;4.5543104160
10.5958849731;11.3739419783;4.5544883812
10.5958849731;11.3949882220;4.5546663391
10.5958849731;11.4160291269;4.5548442519
10.5958849731;11.4370687744;4.5550221540
10.5958849731;11.4581018572;4.5552000006
10.5958849731;11.4791352984;4.5553778502
10.5958849731;11.5001626281;4.5555556482
10.5958849731;11.5211890911;4.5557334388
10.5958849731;11.5422098328;4.5559111810
10.5958849731;11.5632292501;4.5560889121
10.5958849731;11.5842434054;4.5562665986
10.5958849731;11.6052566964;4.5564442779
10.5958849731;11.6262647412;4.5566219128
10.5958849731;11.6472713680;4.5567995357
10.5958849731;11.6682715918;4.5569771044
10.5958849731;11.6892720275;4.5571546750
10.5958849731;11.7102665284;4.5573321954
10.5958849731;11.7312600018;4.5575097071
10.5958849731;11.7522479301;4.5576871718
10.5958849731;11.7732352198;4.5578646312
10.5958849731;11.7942157155;4.5580420332
10.5958849731;11.8151960477;4.5582194338
10.5958849731;11.8361712263;4.5583967907
10.5958849731;11.8571449933;4.5585741358
10.5958849731;11.8781155620;4.5587514538
10.5958849731;11.8990799428;4.5589287195
10.5958849731;11.9200439495;4.5591059820
10.5958849731;11.9410022530;4.5592831963
10.5958849731;11.9619597021;4.5594604034
10.5958849731;11.9829118374;4.5596375655
10.5958849731;12.0038627321;4.5598147172
10.5958849731;12.0248070482;4.5599918132
10.5958849731;12.0474323340;4.5822301260
10.5958849731;12.0683678009;4.5824054238
10.5958849731;12.0893024183;4.5825807144
10.5958849731;12.1119007922;4.6048027975
10.5958849731;12.1328260792;4.6049762880
10.5958849731;12.1537452865;4.6051497281
10.5958849731;12.1746636480;4.6053231612
10.5958849731;12.1955767061;4.6054965504
10.5958849731;12.2164885324;4.6056699293
10.5958849731;12.2390448418;4.6278763185
10.5958849731;12.2599473550;4.6280479004
10.5958849731;12.2808437949;4.6282194325
10.5958849731;12.3033802719;4.6504095155
10.5958849731;12.3242670240;4.6505792500
10.5958849731;12.3451524229;4.6507489735
10.5958849731;12.3660326532;4.6509186550
10.5958849731;12.3869120462;4.6510883297
10.5958849731;12.4077861462;4.6512579614
10.5958849731;12.4302806339;4.6734315148
10.5958849731;12.4511470128;4.6735993680
10.5958849731;12.4720069753;4.6737671697
10.5958849731;12.4928673152;4.6739349744
10.5958849731;12.5137215938;4.6741027303
10.5958849731;12.5361802824;4.6962575083
10.5958849731;12.5570243765;4.6964234688
10.5958849731;12.5778681694;4.6965894268
10.5958849731;12.5987062921;4.6967553397
10.5958849731;12.6211362902;4.7188967619
10.5958849731;12.6419647706;4.7190608864
10.5958849731;12.6627924253;4.7192250044
10.5958849731;12.6836134890;4.7193890705
10.5958849731;12.7060141615;4.7415131169
10.5958849731;12.7268265198;4.7416754044
10.5958849731;12.7476380559;4.7418376854
10.5958849731;12.7684443168;4.7419999253
10.5958849731;12.7892484379;4.7421621486
10.5958849731;12.8116109925;4.7642718652
10.5958849731;12.8324068166;4.7644323158
10.5958849731;12.8531965973;4.7645927197
10.5958849731;12.8739855606;4.7647531173
10.5958849731;12.8947688687;4.7649134713
10.5958849731;12.9170977007;4.7870041555
10.5958849731;12.9378714086;4.7871627295
10.5958849731;12.9586443027;4.7873212974
10.5958849731;12.9794119318;4.7874798250
10.5958849731;13.0001774152;4.7876383362
10.5958849731;13.0209405263;4.7877968294
10.5958849731;13.0416981637;4.7879552807
10.5958849731;13.0639798989;4.8100274299
10.5958849731;13.0847279577;4.8101841050
10.5958849731;13.1054750330;4.8103407727
10.5958849731;13.1277309835;4.8323998219
10.5958849731;13.1484684882;4.8325547153
10.5958849731;13.1692005274;4.8327095680
10.5958849731;13.1899319717;4.8328644162
10.5958849731;13.2106575666;4.8330192207
10.5958849731;13.2328799620;4.8550591848
10.5958849731;13.2535960025;4.8552122184
10.5958849731;13.2743114508;4.8553652477
10.5958849731;13.2950210549;4.8555182337
10.5958849731;13.3157296822;4.8556712126
10.5958849731;13.3364332384;4.8558241540
10.5958849731;13.3586143647;4.8778478953
10.5958849731;13.3793079095;4.8779990653
10.5958849731;13.4000010432;4.8781502324
10.5958849731;13.4206881624;4.8783013554
10.5958849731;13.4413735087;4.8784524656
10.5958849731;13.4635179214;4.9004571155
10.5958849731;13.4841951084;4.9006064707
10.5958849731;13.5048662854;4.9007557824
10.5958849731;13.5255366705;4.9009050884
10.5958849731;13.5462018180;4.9010543566
10.5958849731;13.5668648033;4.9012036091
10.5958849731;13.5875254786;4.9013528450
10.5958849731;13.6081807120;4.9015020415
10.5958849731;13.6288353634;4.9016512339
10.5958849731;13.6494841895;4.9018003841
10.5958849731;13.6701310563;4.9019495203
10.5958849731;13.6907738617;4.9020986271
10.5958849731;13.7114153174;4.9022477241
10.5958849731;13.7320513366;4.9023967819
10.5958849731;13.7526867770;4.9025458355
10.5958849731;13.7733163979;4.9026948470
10.5958849731;13.7939440543;4.9028438444
10.5958849731;13.8145672784;4.9029928097
10.5958849731;13.8351899259;4.9031417709
10.5958849731;13.8558067578;4.9032906901
10.5958849731;13.8764226293;4.9034396023
10.5958849731;13.8970324474;4.9035884708
10.5958849731;13.9176419292;4.9037373369
10.5958849731;13.9382459839;4.9038861638
10.5958849731;13.9588494650;4.9040349865
10.5958849731;13.9794471362;4.9041837673
10.5958849731;13.9986593983;4.8825235381
10.5958849731;13.9972754160;4.8607059298
10.5958849731;13.9958911799;4.8388843219
10.5958849731;13.9945063993;4.8170541288
10.5958849731;13.9931212341;4.7952178742
10.5958849731;13.9917357847;4.7733771391
10.5958849731;13.9903497968;4.7515279145
10.5958849731;13.9889635738;4.7296749827
10.5958849731;13.9875768089;4.7078135100
10.5958849731;13.9861897597;4.6859475537
10.5958849731;13.9848021939;4.6640734548
10.5958849731;13.9834143694;4.6421952785
10.5958849731;13.9820259621;4.6203079133
10.5958849731;13.9806373500;4.5984173195
10.5958849731;13.9792481664;4.5765177174
10.5958849731;13.9778587517;4.5546144707
10.5958849731;13.9984993514;4.5547906981
10.5958849731;13.9971124291;4.5328797588
10.5958849731;13.9957252795;4.5109652283
10.5958849731;13.9943376034;4.4890423799
10.5958849731;13.9929496260;4.4671147714
10.5958849731;13.9915611473;4.4451792440
10.5958849731;13.9901723930;4.4232393632
10.5958849731;13.9887830637;4.4012903978
10.5958849731;13.9873935063;4.3793378272
10.5958849731;13.9860034205;4.3573769102
10.5958849731;13.9846130589;4.3354116370
10.5958849731;13.9832221426;4.3134375992
10.5958849731;13.9818309763;4.2914596123
10.5958849731;13.9804392596;4.2694729306
10.5958849731;13.9790472829;4.2474821396
10.5958849731;13.9776547604;4.2254827269
10.5958849731;13.9983412159;4.2256849533
10.5958849731;13.9969514055;4.2036811029
10.5958849731;13.9955613108;4.1816727527
10.5958849731;13.9941706749;4.1596558321
10.5958849731;13.9927798009;4.1376351423
10.5958849731;13.9913883794;4.1156057849
10.5958849731;13.9899966735;4.0935719244
10.5958849731;13.9886044454;4.0715297959
10.5958849731;13.9872119586;4.0494835722
10.5958849731;13.9858188861;4.0274280759
10.5958849731;13.9844256030;4.0053692448
10.5958849731;13.9830317486;3.9833013682
10.5958849731;13.9816376571;3.9612297390
10.5958849731;13.9802429683;3.9391486516
10.5958849731;13.9788480486;3.9170639102
10.5958849731;13.9995721651;3.9172905455
10.5958849731;13.9981798270;3.8951991140
10.5958849731;13.9967871875;3.8731029016
10.5958849731;13.9953940411;3.8509986454
10.5958849731;13.9940006190;3.8288900169
10.5958849731;13.9926066192;3.8067722201
10.5958849731;13.9912123882;3.7846507558
10.5958849731;13.9898176231;3.7625208186
10.5958849731;13.9884225823;3.7403865058
10.5958849731;13.9870269810;3.7182433000
10.5958849731;13.9856311297;3.6960961275
10.5958849731;13.9842347253;3.6739401780
10.5958849731;13.9828380548;3.6517800088
10.5958849731;13.9814408388;3.6296111820
10.5958849731;13.9800432257;3.6074360573
10.5958849731;13.9786453278;3.5852564118
10.5958849731;13.9994152779;3.5855094682
10.5958849731;13.9980199631;3.5633229398
10.5958849731;13.9966244246;3.5411328537
10.5958849731;13.9952282982;3.5189334221
10.5958849731;13.9938319218;3.4967300134
10.5958849731;13.9924349833;3.4745176671
10.5958849731;13.9910378032;3.4523014787
10.5958849731;13.9896400260;3.4300757972
10.5958849731;13.9882420494;3.4078469441
10.5958849731;13.9868434930;3.3856088723
10.5958849731;13.9854446937;3.3633669381
10.5958849731;13.9840452971;3.3411155065
10.5958849731;13.9826456667;3.3188603578
10.5958849731;13.9812454972;3.2965966355
10.5958849731;13.9798450256;3.2743281107
10.5958849731;13.9784440400;3.2520514139
10.5958849731;13.9992548606;3.2523310485
10.5958849731;13.9978567399;3.2300517441
10.5958849731;13.9964580385;3.2077631867
10.5958849731;13.9950591029;3.1854708986
10.5958849731;13.9936596276;3.1631700089
10.5958849731;13.9922598765;3.1408647241
10.5958849731;13.9908595591;3.1185504160
10.5958849731;13.9894589917;3.0962321232
10.5958849731;13.9880578683;3.0739049700
10.5958849731;13.9866564729;3.0515734848
10.5958849731;13.9852545321;3.0292333057
10.5958849731;13.9838521884;3.0068867082
10.5958849731;13.9824495598;2.9845355698
10.5958849731;13.9810463829;2.9621756953
10.5958849731;13.9796429758;2.9398121519
10.5958849731;13.9782389797;2.9174392231
10.5958849731;13.9990966446;2.9177457362
10.5958849731;13.9976955465;2.8953705182
10.5958849731;13.9962938864;2.8729863249
10.5958849731;13.9948919817;2.8505982252
10.5958849731;13.9934894772;2.8282005457
10.5958849731;13.9920867672;2.8057995861
10.5958849731;13.9906834690;2.7833892327
10.5958849731;13.9892799391;2.7609751781
10.5958849731;13.9878758034;2.7385514500
10.5958849731;13.9864714309;2.7161239407
10.5958849731;13.9850665134;2.6936877277
10.5958849731;13.9836612939;2.6712466906
10.5958849731;13.9822555546;2.6487973531
10.5958849731;13.9808495389;2.6263436031
10.5958849731;13.9794429385;2.6038805129
10.5958849731;14.0003416197;2.6042122768
10.5958849731;13.9989379608;2.5817474070
10.5958849731;13.9975337310;2.5592734020
10.5958849731;13.9961292504;2.5367953817
10.5958849731;13.9947241730;2.5143078096
10.5958849731;13.9933188578;2.4918164326
10.5958849731;13.9919129837;2.4693161107
10.5958849731;13.9905068318;2.4468113426
10.5958849731;13.9891001344;2.4242978439
10.5958849731;13.9876930283;2.4017778043
10.5958849731;13.9862856631;2.3792536174
10.5958849731;13.9848776950;2.3567197821
10.5958849731;13.9834695166;2.3341825802
10.5958849731;13.9820607493;2.3116359532
10.5958849731;13.9806517193;2.2890851229
10.5958849731;13.9792421261;2.2665252786
10.5958849731;14.0001827477;2.2668842779
10.5958849731;13.9987760867;2.2443222907
10.5958849731;13.9973688230;2.2217506359
10.5958849731;13.9959613479;2.1991755906
10.5958849731;13.9945532846;2.1765911117
10.5958849731;13.9931449836;2.1540028194
10.5958849731;13.9917360684;2.1314046758
10.5958849731;13.9903269305;2.1088029598
10.5958849731;13.9889172332;2.0861922710
10.5958849731;13.9875072337;2.0635767364
10.5958849731;13.9860967086;2.0409527707
10.5958849731;13.9846859071;2.0183243723
10.5958849731;13.9832745179;1.9956865467
10.5958849731;13.9818628976;1.9730450144
10.5958849731;13.9804507052;1.9503943069
10.5958849731;13.9790382553;1.9277394692
10.5958849731;14.0000261173;1.9281260213
10.5958849731;13.9986162633;1.9054634361
10.5958849731;13.9972061685;1.8827969805
10.5958849731;13.9957955119;1.8601214942
10.5958849731;13.9943845715;1.8374414458
10.5958849731;13.9929730856;1.8147526295
10.5958849731;13.9915611851;1.7920571480
10.5958849731;13.9901490254;1.7693575001
10.5958849731;13.9887362600;1.7466481148
10.5958849731;13.9873232781;1.7239352513
10.5958849731;13.9859097074;1.7012129223
10.5958849731;13.9844958681;1.6784862749
10.5958849731;13.9830814655;1.6557505749
10.5958849731;13.9816668117;1.6330108353
10.5958849731;13.9802515587;1.6102614645
10.5958849731;13.9788360720;1.5875083369
10.5958849731;13.9998659086;1.5879225723
10.5958849731;13.9984530555;1.5651620808
10.5958849731;13.9970399433;1.5423974159
10.5958849731;13.9956262247;1.5196229807
10.5958849731;13.9942122803;1.4968449081
10.5958849731;13.9927977705;1.4740577280
10.5958849731;13.9913829585;1.4512656800
10.5958849731;13.9899676150;1.4284650682
10.5958849731;13.9885519950;1.4056600033
10.5958849731;13.9871357843;1.3828454226
10.5958849731;13.9857193365;1.3600270213
10.5958849731;13.9843023167;1.3371994053
10.5958849731;13.9828850333;1.3143675433
10.5958849731;13.9814671518;1.2915260468
10.5958849731;13.9800490259;1.2686806124
10.5958849731;13.9786303339;1.2458260588
10.5958849731;13.9997063270;1.2462682878
10.5958849731;13.9982905659;1.2234109310
10.5958849731;13.9968742595;1.2005447686
10.5958849731;13.9954575323;1.1776718146
10.5958849731;13.9940405459;1.1547946748
10.5958849731;13.9926229508;1.1319077074
10.5958849731;13.9912051332;1.1090171481
10.5958849731;13.9897867268;1.0861170827
10.5958849731;13.9883680457;1.0632125818
10.5958849731;13.9869488015;1.0402989891
10.5958849731;13.9855293028;1.0173812893
10.5958849731;13.9841091991;0.9944538198
10.5958849731;13.9826888615;0.9715225755
10.5958849731;13.9812679440;0.9485819687
10.5958849731;13.9798467668;0.9256371679
10.5958849731;14.0009636893;0.9261056883
10.5958849731;13.9995451354;0.9031529179
10.5958849731;13.9981263525;0.8801964439
10.5958849731;13.9967069897;0.8572305878
10.5958849731;13.9952873418;0.8342601173
10.5958849731;13.9938671478;0.8112808104
10.5958849731;13.9924466773;0.7882970295
10.5958849731;13.9910256131;0.7653036430
10.5958849731;13.9896043056;0.7423063199
10.5958849731;13.9881824262;0.7192997424
10.5958849731;13.9867602770;0.6962888011
10.5958849731;13.9853375299;0.6732681837
10.5958849731;13.9839145352;0.6502435607
10.5958849731;13.9824909745;0.6272097796
10.5958849731;13.9810671109;0.6041710991
10.5958849731;13.9796427067;0.5811236687
10.5958849731;14.0008068006;0.5816206588
10.5958849731;13.9993852113;0.5585681248
10.5958849731;13.9979633654;0.5355114310
10.5958849731;13.9965409079;0.5124448182
10.5958849731;13.9951182218;0.4893744979
10.5958849731;13.9936949469;0.4662946303
10.5958849731;13.9922713911;0.4432102082
10.5958849731;13.9908472722;0.4201166547
10.5958849731;13.9894228958;0.3970189254
10.5958849731;13.9879979083;0.3739112858
10.5958849731;13.9865726868;0.3507998531
10.5958849731;13.9851468794;0.3276789189
10.5958849731;13.9837208122;0.3045537706
10.5958849731;13.9822941311;0.2814186684
10.5958849731;13.9808672174;0.2582797940
10.5958849731;13.9794397165;0.2351313971
10.5958849731;14.0006469363;0.2356569965
10.5958849731;14.0232744560;0.2593271282
10.5958849731;14.0444706336;0.2598506115
10.5958849731;14.0670806471;0.2835052778
10.5958849731;14.0882678280;0.2840266976
10.5958849731;14.1108614741;0.3076716773
10.5958849731;14.1320386485;0.3081910112
10.5958849731;14.1546147978;0.3318201097
10.5958849731;14.1757813306;0.3323373441
10.5958849731;14.1983407309;0.3559563214
10.5958849731;14.2194979163;0.3564714906
10.5958849731;14.2420402660;0.3800750645
10.5958849731;14.2631868202;0.3805881391
10.5958849731;14.2843329695;0.3811012039
10.5958849731;14.3054734396;0.3816141309
10.5958849731;14.3266132416;0.3821270416
10.5958849731;14.3477469823;0.3826398053
10.5958849731;14.3688796720;0.3831525435
10.5958849731;14.3900060276;0.3836651280
10.5958849731;14.4111319909;0.3841777030
10.5958849731;14.4322545997;0.3846901967
10.5958849731;14.4533715224;0.3852025523
10.5958849731;14.4744877950;0.3857148922
10.5958849731;14.4955969494;0.3862270594
10.5958849731;14.5167061197;0.3867392269
10.5958849731;14.5378099916;0.3872512659
10.5958849731;14.5589124481;0.3877632706
10.5958849731;14.5800092244;0.3882751374
10.5958849731;14.6011053542;0.3887869886
10.5958849731;14.6221943630;0.3892986670
10.5958849731;14.6432834003;0.3898103460
10.5958849731;14.6643667612;0.3903218874
10.5958849731;14.6841311599;0.3677851268
10.5958849731;14.7052099765;0.3682983876
10.5958849731;14.7249764150;0.3457577108
10.5958849731;14.7460531990;0.3462727521
10.5958849731;14.7671285714;0.3467877590
10.5958849731;14.7881982784;0.3473026274
10.5958849731;14.8105664790;0.3708637769
10.5958849731;14.8316255823;0.3713765578
10.5958849731;14.8526843362;0.3718893301
10.5958849731;14.8737374364;0.3724019648
10.5958849731;14.8947898834;0.3729145836
10.5958849731;14.9158362953;0.3734270554
10.5958849731;14.9368805918;0.3739394757
10.5958849731;14.9579207004;0.3744517941
10.5958849731;14.9789593919;0.3749640779
10.5958849731;14.9999947493;0.3754762806
10.5958849731;15.0210244464;0.3759883454
10.5958849731;15.0420535078;0.3765003947
10.5958849731;15.0630754388;0.3770122705
10.5958849731;15.0840974399;0.3775241479
10.5958849731;15.1051141674;0.3780358969
10.5958849731;15.1261294959;0.3785476119
10.5958849731;15.1471380751;0.3790591625
10.5958849731;15.1681471155;0.3795707243
10.5958849731;15.1891501203;0.3800821392
10.5958849731;15.2101521115;0.3805935294
10.5958849731;15.2311484519;0.3811047820
10.5958849731;15.2521441627;0.3816160193
10.5958849731;15.2731327387;0.3821270829
10.5958849731;15.2941214054;0.3826381486
10.5958849731;15.3151048078;0.3831490862
10.5958849731;15.3360868176;0.3836599898
10.5958849731;15.3570631825;0.3841707561
10.5958849731;15.3780374284;0.3846814707
10.5958849731;15.3990075226;0.3851920842
10.5958849731;15.4187695966;0.3627115385
10.5958849731;15.4397358485;0.3632238789
10.5958849731;15.4607014753;0.3637362039
10.5958849731;15.4828581473;0.3872338138
10.5958849731;15.5038124412;0.3877440426
10.5958849731;15.5247625977;0.3882541707
10.5958849731;15.5457113681;0.3887642650
10.5958849731;15.5666568121;0.3892742783
10.5958849731;15.5875955112;0.3897841273
10.5958849731;15.6085346997;0.3902939883
10.5958849731;15.6294678876;0.3908037032
10.5958849731;15.6504000678;0.3913133935
10.5958849731;15.6713269996;0.3918229560
10.5958849731;15.6922525499;0.3923324849
10.5958849731;15.7131713384;0.3928418492
10.5958849731;15.7340906425;0.3933512260
10.5958849731;15.7550039379;0.3938604565
10.5958849731;15.7759162362;0.3943696627
10.5958849731;15.7968229099;0.3948787319
10.5958849731;15.8177278294;0.3953877585
10.5958849731;15.8386278830;0.3958966666
10.5958849731;15.8595269421;0.3964055504
10.5958849731;15.8804207621;0.3969143067
10.5958849731;15.9013132070;0.3974230295
10.5958849731;15.9210696536;0.3749859582
10.5958849731;15.9419575033;0.3754963826
10.5958849731;15.9628412642;0.3760067072
10.5958849731;15.9837236512;0.3765169981
10.5958849731;16.0046004224;0.3770271519
10.5958849731;16.0254754299;0.3775372625
10.5958849731;16.0463455948;0.3780472548
10.5958849731;16.0672147700;0.3785572229
10.5958849731;16.0880787147;0.3790670632
10.5958849731;16.1089412893;0.3795768701
10.5958849731;16.1298005578;0.3800865961
10.5958849731;16.1506530683;0.3805961570
10.5958849731;16.1715061211;0.3811057311
10.5958849731;16.1923531990;0.3816151593
10.5958849731;16.2131992776;0.3821245630
10.5958849731;16.2340401461;0.3826338394
10.5958849731;16.2548784653;0.3831430535
10.5958849731;16.2757123634;0.3836521596
10.5958849731;16.2965452646;0.3841612413
10.5958849731;16.3173729594;0.3846701957
10.5958849731;16.3381992772;0.3851791166
10.5958849731;16.3590200094;0.3856879009
10.5958849731;16.3798389499;0.3861966415
10.5958849731;16.4006531024;0.3867052650
10.5958849731;16.4214662616;0.3872138643
10.5958849731;16.4422742199;0.3877223365
10.5958849731;16.4630808050;0.3882307752
10.5958849731;16.4838806251;0.3887390485
10.5958849731;16.5046806450;0.3892473267
10.5958849731;16.5254777544;0.3897555338
10.5958849731;16.5462666056;0.3902635391
10.5958849731;16.5670567681;0.3907715764
10.5958849731;16.5878440364;0.3912795430
10.5958849731;16.6086264420;0.3917873908
10.5958849731;16.6294021672;0.3922950753
10.5958849731;16.6501795859;0.3928028012
10.5958849731;16.6709533521;0.3933104379
10.5958849731;16.6917226338;0.3938179650
10.5958849731;16.7124898431;0.3943254414
10.5958849731;16.7332495519;0.3948327345
10.5958849731;16.7540102091;0.3953400509
10.5958849731;16.7747675843;0.3958472870
10.5958849731;16.7955220727;0.3963544526
10.5958849731;16.8162670965;0.3968613869
10.5958849731;16.8370146573;0.3973683832
10.5958849731;16.8577589390;0.3978752993
10.5958849731;16.8785003370;0.3983821450
10.5958849731;16.8992334826;0.3988887891
10.5958849731;16.9199667461;0.3993954360
10.5958849731;16.9406983270;0.3999020418
10.5958849731;16.9614262668;0.4004085586
10.5958849731;16.9821463390;0.4009148832
10.5958849731;17.0028681255;0.4014212496
10.5958849731;17.0235862588;0.4019275268
10.5958849731;17.0442999115;0.4024336945
10.5958849731;17.0650069226;0.4029396999
10.5958849731;17.0857156496;0.4034457473
10.5958849731;17.1064207266;0.4039517054
10.5958849731;17.1271213205;0.4044575540
10.5958849731;17.1478156629;0.4049632498
10.5958849731;17.1685109628;0.4054689691
10.5958849731;17.1892029958;0.4059746085
10.5958849731;17.2098921572;0.4064801777
10.5958849731;17.2305776734;0.4069856578
10.5958849731;17.2512541144;0.4074909162
10.5958849731;17.2719331158;0.4079962371
10.5958849731;17.2926092485;0.4085014880
10.5958849731;17.3132817392;0.4090066498
10.5958849731;17.3339463960;0.4095116203
10.5958849731;17.3546115227;0.4100166022
10.5958849731;17.3752742521;0.4105215255
10.5958849731;17.3959337369;0.4110263695
10.5958849731;17.4165853778;0.4115310219
10.5958849731;17.4372387410;0.4120357163
10.5958849731;17.4578884678;0.4125403219
10.5958849731;17.4785337011;0.4130448177
10.5958849731;17.4991727250;0.4135491617
10.5958849731;17.5198127139;0.4140535293
10.5958849731;17.5404494489;0.4145578174
10.5958849731;17.5610820675;0.4150620050
10.5958849731;17.5817077278;0.4155660224
10.5958849731;17.6032119389;0.4388635922
10.5958849731;17.6238326083;0.4393656974
10.5958849731;17.6444504232;0.4398677331
10.5958849731;17.6650600288;0.4403695688
10.5958849731;17.6856697177;0.4408714066
10.5958849731;17.7062778030;0.4413732054
10.5958849731;17.7268822783;0.4418749162
10.5958849731;17.7474789281;0.4423764365
10.5958849731;17.7680769287;0.4428779897
10.5958849731;17.7886707913;0.4433794421
10.5958849731;17.8092623185;0.4438808377
10.5958849731;17.8298506029;0.4443821543
10.5958849731;17.8504314623;0.4448832901
10.5958849731;17.8710132796;0.4453844492
10.5958849731;17.8915918723;0.4458855299
10.5958849731;17.9121663232;0.4463865096
10.5958849731;17.9327338752;0.4468873214
10.5958849731;17.9533027657;0.4473881658
10.5958849731;17.9738684348;0.4478889317
10.5958849731;17.9944299593;0.4483895967
10.5958849731;18.0149845952;0.4488900940
10.5958849731;18.0355405712;0.4493906239
10.5958849731;18.0560937073;0.4498910846
10.5958849731;18.0766432311;0.4503914574
10.5958849731;18.0971849643;0.4508916405
10.5958849731;18.1177271231;0.4513918340
10.5958849731;18.1382669813;0.4518919714
10.5958849731;18.1588036086;0.4523920302
10.5958849731;18.1793324500;0.4528918994
10.5958849731;18.1998630212;0.4533918107
10.5958849731;18.2203886839;0.4538916025
10.5958849731;18.2409124352;0.4543913478
10.5958849731;18.2614287671;0.4548909123
10.5958849731;18.2819460816;0.4553905009
10.5958849731;18.3024601707;0.4558900108
10.5958849731;18.3229710513;0.4563894427
10.5958849731;18.3427110617;0.4341622263
10.5958849731;18.3632139923;0.4346632447
10.5958849731;18.3837182692;0.4351642960
10.5958849731;18.4042197174;0.4356652782
10.5958849731;18.4247162508;0.4361661403
10.5958849731;18.4452063252;0.4366668445
10.5958849731;18.4656981254;0.4371675909
10.5958849731;18.4861863438;0.4376682498
10.5958849731;18.5066713436;0.4381688301
10.5958849731;18.5271485751;0.4386692205
10.5958849731;18.5476262108;0.4391696208
10.5958849731;18.5681015896;0.4396699659
10.5958849731;18.5885737529;0.4401702325
10.5958849731;18.6090385302;0.4406703186
10.5958849731;18.6295039026;0.4411704192
10.5958849731;18.6499655032;0.4416704276
10.5958849731;18.6704252197;0.4421703900
10.5958849731;18.6908764213;0.4426701444
10.5958849731;18.7113297308;0.4431699502
10.5958849731;18.7317798458;0.4436696780
10.5958849731;18.7522259957;0.4441693089
10.5958849731;18.7726638080;0.4446687360
10.5958849731;18.7931043109;0.4451682289
10.5958849731;18.8135408671;0.4456676254
10.5958849731;18.8339749718;0.4461669619
10.5958849731;18.8544013261;0.4466661091
10.5958849731;18.8748269360;0.4471652380
10.5958849731;18.8952514559;0.4476643404
10.5958849731;18.9156727720;0.4481633644
10.5958849731;18.9360901463;0.4486622921
10.5958849731;18.9565005146;0.4491610486
10.5958849731;18.9769101500;0.4496597872
10.5958849731;18.9973186896;0.4501584991
10.5958849731;19.0177240452;0.4506571331
10.5958849731;19.0381208979;0.4511555593
10.5958849731;19.0585198641;0.4516540372
10.5958849731;19.0789142902;0.4521524042
10.5958849731;19.0993061219;0.4526507077
10.5958849731;19.1196909720;0.4531488407
10.5958849731;19.1400771826;0.4536470068
10.5958849731;19.1604594603;0.4541450769
10.5958849731;19.1808392981;0.4546430874
10.5958849731;19.2012100380;0.4551408755
10.5958849731;19.2215827510;0.4556387119
10.5958849731;19.2419530423;0.4561364890
10.5958849731;19.2623201424;0.4566341882
10.5958849731;19.2826787617;0.4571316802
10.5958849731;19.3030381252;0.4576291903
10.5958849731;19.3233949342;0.4581266380
10.5958849731;19.3437493086;0.4586240263
10.5958849731;19.3640959605;0.4591212258
10.5958849731;19.3844432239;0.4596184402
10.5958849731;19.4047880711;0.4601155956
10.5958849731;19.4251283520;0.4606126395
10.5958849731;19.4454660912;0.4611096212
10.5958849731;19.4657968503;0.4616064323
10.5958849731;19.4861289927;0.4621032773
10.5958849731;19.5064558132;0.4625999922
10.5958849731;19.5267816069;0.4630966820
10.5958849731;19.5465112870;0.4409716673
10.5958849731;19.5668329802;0.4414700219
10.5958849731;19.5871522463;0.4419683171
10.5958849731;19.6074683491;0.4424665347
10.5958849731;19.6277745792;0.4429645101
10.5958849731;19.6480843406;0.4434625722
10.5958849731;19.6683909250;0.4439605564
10.5958849731;19.6886935962;0.4444584446
10.5958849731;19.7089892992;0.4449561619
10.5958849731;19.7292842354;0.4454538604
10.5958849731;19.7495781499;0.4459515338
10.5958849731;19.7698689069;0.4464491298
10.5958849731;19.7901511950;0.4469465182
10.5958849731;19.8104356238;0.4474439590
10.5958849731;19.8307168815;0.4479413221
10.5958849731;19.8509928235;0.4484385548
10.5958849731;19.8712632211;0.4489356515
10.5958849731;19.8915349928;0.4494327820
10.5958849731;19.9118028602;0.4499298166
10.5958849731;19.9320668978;0.4504267574
10.5958849731;19.9523246566;0.4509235442
10.5958849731;19.9725830391;0.4514203463
10.5958849731;19.9928390241;0.4519170896
10.5958849731;20.0130918446;0.4524137553
10.5958849731;20.0333407658;0.4529103254
10.5958849731;20.0535813137;0.4534066901
10.5958849731;20.0738239247;0.4539031054
10.5958849731;20.0940641256;0.4543994616
10.5958849731;20.1143011817;0.4548957407
10.5958849731;20.1345297884;0.4553918126
10.5958849731;20.1547591125;0.4558879021
10.5958849731;20.1749867055;0.4563839491
10.5958849731;20.1952104055;0.4568799007
10.5958849731;20.2154271630;0.4573756820
10.5958849731;20.2356453170;0.4578714975
10.5958849731;20.2558595643;0.4583672173
10.5958849731;20.2760699868;0.4588628432
10.5958849731;20.2962741555;0.4593583158
10.5958849731;20.3164789715;0.4598538043
10.5958849731;20.3366813854;0.4603492338
10.5958849731;20.3568792213;0.4608445511
10.5958849731;20.3770700622;0.4613396969
10.5958849731;20.3972630536;0.4618348954
10.5958849731;20.4174521445;0.4623299982
10.5958849731;20.4376388530;0.4628250426
10.5958849731;20.4578178806;0.4633198986
10.5958849731;20.4779961091;0.4638147351
10.5958849731;20.4981733896;0.4643095483
10.5958849731;20.5183475402;0.4648042847
10.5958849731;20.5385177951;0.4652989257
10.5958849731;20.5586811411;0.4657933971
10.5958849731;20.5788444171;0.4662878669
10.5958849731;20.5990052716;0.4667822773
10.5958849731;20.6191637333;0.4672766290
10.5958849731;20.6393145404;0.4677707930
10.5958849731;20.6594659859;0.4682649726
10.5958849731;20.6796150572;0.4687590940
10.5958849731;20.6997595324;0.4692531027
10.5958849731;20.7198970543;0.4697469409
10.5958849731;20.7400367322;0.4702408320
10.5958849731;20.7601725229;0.4707346277
10.5958849731;20.7803044731;0.4712283293
10.5958849731;20.8004302291;0.4717218789
10.5958849731;20.8205566436;0.4722154447
10.5958849731;20.8402820512;0.4501948223
10.5958849731;20.8604059019;0.4506900734
10.5958849731;20.8805213447;0.4511851176
10.5958849731;20.9006374672;0.4516801786
10.5958849731;20.9207519335;0.4521751987
10.5958849731;20.9408625351;0.4526701238
10.5958849731;20.9609662312;0.4531648789
10.5958849731;20.9810713369;0.4536596687
10.5958849731;21.0011710801;0.4541543265
10.5958849731;21.0212699423;0.4546489626
10.5958849731;21.0413611541;0.4551434105
10.5958849731;21.0614530284;0.4556378746
10.5958849731;21.0815425248;0.4561322803
10.5958849731;21.1016289113;0.4566266094
10.5958849731;21.1217099321;0.4571208064
10.5958849731;21.1417855633;0.4576148709
10.5958849731;21.1618618431;0.4581089512
10.5958849731;21.1819357644;0.4586029736
10.5958849731;21.2020065632;0.4590969191
10.5958849731;21.2220674910;0.4595906216
10.5958849731;21.2421320626;0.4600844139
10.5958849731;21.2618563925;0.4380988355
10.5958849731;21.2819169134;0.4385942714
10.5958849731;21.3019705609;0.4390895376
10.5958849731;21.3220241029;0.4395848012
10.5958849731;21.3420752983;0.4400800068
10.5958849731;21.3621241244;0.4405751539
10.5958849731;21.3821653335;0.4410701129
10.5958849731;21.4022071956;0.4415650880
10.5958849731;21.4222451947;0.4420599677
10.5958849731;21.4422815895;0.4425548078
10.5958849731;21.4623096241;0.4430494414
10.5958849731;21.4823398085;0.4435441281
10.5958849731;21.5023661490;0.4440387199
10.5958849731;21.5223901333;0.4445332535
10.5958849731;21.5424049743;0.4450275612
10.5958849731;21.5624220054;0.4455219231
10.5958849731;21.5824366745;0.4460162266
10.5958849731;21.6024482506;0.4465104538
10.5958849731;21.6224559719;0.4470045857
10.5958849731;21.6424553115;0.4474985106
10.5958849731;21.6624575810;0.4479925079
10.5958849731;21.6824560137;0.4484864104
10.5958849731;21.7024520883;0.4489802547
10.5958849731;21.7224405641;0.4494739114
10.5958849731;21.7424297003;0.4499675843
10.5958849731;21.7624149627;0.4504611616
10.5958849731;21.7823986550;0.4509547001
10.5958849731;21.8021153056;0.4290084704
10.5958849731;21.8220957098;0.4295036644
10.5958849731;21.8420707436;0.4299987253
10.5958849731;21.8620449613;0.4304937660
10.5958849731;21.8820115875;0.4309886186
10.5958849731;21.9019788769;0.4314834876
10.5958849731;21.9219438300;0.4319782987
10.5958849731;21.9419056861;0.4324730330
10.5958849731;21.9618576628;0.4329675225
10.5958849731;21.9818133413;0.4334621037
10.5958849731;22.0017659403;0.4339566087
10.5958849731;22.0217146991;0.4344510184
10.5958849731;22.0416566211;0.4349452587
10.5958849731;22.0615984026;0.4354394955
10.5958849731;22.0815379131;0.4359336760
10.5958849731;22.1014750780;0.4364277984
10.5958849731;22.1214046643;0.4369217330
10.5958849731;22.1413349188;0.4374156841
10.5958849731;22.1612628451;0.4379095775
10.5958849731;22.1811861224;0.4384033557
10.5958849731;22.2011071411;0.4388970780
10.5958849731;22.2210213165;0.4393906306
10.5958849731;22.2407409826;0.4174802050
10.5958849731;22.2606548166;0.4179754808
10.5958849731;22.2805671441;0.4184707191
10.5958849731;22.3004711415;0.4189657502
10.5958849731;22.3203773153;0.4194608355
10.5958849731;22.3402804130;0.4199558442
10.5958849731;22.3601796832;0.4204507578
10.5958849731;22.3800705592;0.4209454626
10.5958849731;22.3999644250;0.4214402417
10.5958849731;22.4198544803;0.4219349261
10.5958849731;22.4397422005;0.4224295524
10.5958849731;22.4596223591;0.4229239907
10.5958849731;22.4795016128;0.4234184064
10.5958849731;22.4993801266;0.4239128037
10.5958849731;22.5192555633;0.4244071245
10.5958849731;22.5391226983;0.4249012389
10.5958849731;22.5589919984;0.4253954070
10.5958849731;22.5788574942;0.4258894806
10.5958849731;22.5987190730;0.4263834567
10.5958849731;22.6185746845;0.4268772845
10.5958849731;22.6384309740;0.4273711291
10.5958849731;22.6582849506;0.4278649161
10.5958849731;22.6781342635;0.4283585872
10.5958849731;22.6979813678;0.4288522034
10.5958849731;22.7178216532;0.4293456499
10.5958849731;22.7376633775;0.4298391323
10.5958849731;22.7575012896;0.4303325198
10.5958849731;22.7773368925;0.4308258499
10.5958849731;22.7971633370;0.4313189522
10.5958849731;22.8169920769;0.4318121116
10.5958849731;22.8368184946;0.4323052133
10.5958849731;22.8566418624;0.4327982391
10.5958849731;22.8764569323;0.4332910585
10.5958849731;22.8962725813;0.4337838923
10.5958849731;22.9160860290;0.4342766714
10.5958849731;22.9358971729;0.4347693932
10.5958849731;22.9557007665;0.4352619272
10.5958849731;22.9755050604;0.4357544786
10.5958849731;22.9953070372;0.4362469724
10.5958849731;23.0151043560;0.4367393503
10.5958849731;23.0348949983;0.4372315622
10.5958849731;23.0546878284;0.4377238285
10.5958849731;23.0744776010;0.4382160188
10.5958849731;23.0942619707;0.4387080746
10.5958849731;23.1140411588;0.4392000016
10.5958849731;23.1338217933;0.4396919646
10.5958849731;23.1535986382;0.4401838334
10.5958849731;23.1733731718;0.4406756446
10.5958849731;23.1931401830;0.4411672688
10.5958849731;23.2129062578;0.4416588696
10.5958849731;23.2326716638;0.4421504539
10.5958849731;23.2524332763;0.4426419438
10.5958849731;23.2721458981;0.4208140508
10.5958849731;23.2919005195;0.4213070850
10.5958849731;23.3116542144;0.4218000960
10.5958849731;23.3314072341;0.4222930901
10.5958849731;23.3511572204;0.4227860085
10.5958849731;23.3708989358;0.4232787206
10.5958849731;23.3906428431;0.4237714873
10.5958849731;23.4103837042;0.4242641780
10.5958849731;23.4301191528;0.4247567336
10.5958849731;23.4498494574;0.4252491608
10.5958849731;23.4695812133;0.4257416243
10.5958849731;23.4893091843;0.4262339932
10.5958849731;23.5090332239;0.4267262641
10.5958849731;23.5287513870;0.4272183883
10.5958849731;23.5484702613;0.4277105302
10.5958849731;23.5681868366;0.4282026148
10.5958849731;23.5879003869;0.4286946239
10.5958849731;23.6076056796;0.4291864269
10.5958849731;23.6273115149;0.4296782434
10.5958849731;23.6470152229;0.4301700068
10.5958849731;23.6667166500;0.4306617133
10.5958849731;23.6864105648;0.4311532323
10.5958849731;23.7061051942;0.4316447692
10.5958849731;23.7257958706;0.4321362074
10.5958849731;23.7454851855;0.4326276116
10.5958849731;23.7651707260;0.4331189216
10.5958849731;23.7848495154;0.4336100631
10.5958849731;23.8045297470;0.4341012406
10.5958849731;23.8242062215;0.4345923244
10.5958849731;23.8438787394;0.4350833093
10.5958849731;23.8635454347;0.4355741490
10.5958849731;23.8832128332;0.4360650062
10.5958849731;23.9028779586;0.4365558067
10.5958849731;23.9225400559;0.4370465316
10.5958849731;23.9421922565;0.4375370095
10.5958849731;23.9618483217;0.4380275839
10.5958849731;23.9815006206;0.4385180643
10.5958849731;24.0011506497;0.4390084880
10.5958849731;24.0207931840;0.4394987247
10.5958849731;24.0404364400;0.4399889793
10.5958849731;24.0600757326;0.4404791351
10.5958849731;24.0797136968;0.4409692577
10.5958849731;24.0993434306;0.4414591749
10.5958849731;24.1189753675;0.4419491471
10.5958849731;24.1386025986;0.4424390018
10.5958849731;24.1582277695;0.4429288051
10.5958849731;24.1778461936;0.4434184400
10.5958849731;24.1974660824;0.4439081115
10.5958849731;24.2170822138;0.4443976892
10.5958849731;24.2366960831;0.4448872104
10.5958849731;24.2563007774;0.4453765027
10.5958849731;24.2759078897;0.4458658553
10.5958849731;24.2955127264;0.4463551511
10.5958849731;24.3151138250;0.4468443536
10.5958849731;24.3347126491;0.4473334994
10.5958849731;24.3543023127;0.4478224165
10.5958849731;24.3738943871;0.4483113938
10.5958849731;24.3934842045;0.4488003147
10.5958849731;24.4130710109;0.4492891605
10.5958849731;24.4326496209;0.4497778018
10.5958849731;24.4522304235;0.4502664977
10.5958849731;24.4718065265;0.4507550764
10.5958849731;24.4913805876;0.4512436041
10.5958849731;24.5109479341;0.4517319643
10.5958849731;24.5305167355;0.4522203607
10.5958849731;24.5500800967;0.4527086214
10.5958849731;24.5696429009;0.4531968681
10.5958849731;24.5891982559;0.4536849290
10.5958849731;24.6087543288;0.4541730078
10.5958849731;24.6283081525;0.4546610304
10.5958849731;24.6478582351;0.4551489596
10.5958849731;24.6673998924;0.4556366786
10.5958849731;24.6869447247;0.4561244768
10.5958849731;24.7064858340;0.4566121822
10.5958849731;24.7260246813;0.4570998310
10.5958849731;24.7455560877;0.4575872941
10.5958849731;24.7650864985;0.4580747324
10.5958849731;24.7846163727;0.4585621573
10.5958849731;24.8041432654;0.4590495078
10.5958849731;24.8236664237;0.4595367651
10.5958849731;24.8431828840;0.4600238552
10.5958849731;24.8627008051;0.4605109818
10.5958849731;24.8822132778;0.4609979724
10.5958849731;24.9017252251;0.4614849499
10.5958849731;24.9212297407;0.4619717419
10.5958849731;24.9407349809;0.4624585520
10.5958849731;24.9602362458;0.4629452629
10.5958849731;24.9797362552;0.4634319424
10.5958849731;24.9992280998;0.4639184182
10.5958849731;25.0187221451;0.4644049488
10.5958849731;25.0382124802;0.4648913869
10.5958849731;25.0577005639;0.4653777688
10.5958849731;25.0771794799;0.4658639219
10.5958849731;25.0966608668;0.4663501367
10.5958849731;25.1161400204;0.4668362957
10.5958849731;25.1356161881;0.4673223802
10.5958849731;25.1550841997;0.4678082611
10.5958849731;25.1745526639;0.4682941534
10.5958849731;25.1942468731;0.4466310893
10.5958849731;25.2137131496;0.4471186206
10.5958849731;25.2331727464;0.4476059846
10.5958849731;25.2526338102;0.4480933853
10.5958849731;25.2720911715;0.4485806934
10.5958849731;25.2915445307;0.4490679012
10.5958849731;25.3109922341;0.4495549673
10.5958849731;25.3304406695;0.4500420518
10.5958849731;25.3498868780;0.4505290805
10.5958849731;25.3693276095;0.4510159720
10.5958849731;25.3887678767;0.4515028519
10.5958849731;25.4082007211;0.4519895459
10.5958849731;25.4276343152;0.4524762587
10.5958849731;25.4470656697;0.4529629154
10.5958849731;25.4664940651;0.4534494980
10.5958849731;25.4859125361;0.4539358320
10.5958849731;25.5053349987;0.4544222660
10.5958849731;25.5247544884;0.4549086255
10.5958849731;25.5441702860;0.4553948926
10.5958849731;25.5635794126;0.4558809926
10.5958849731;25.5829882359;0.4563670850
10.5958849731;25.6023951440;0.4568531294
10.5958849731;25.6217998182;0.4573391179
10.5958849731;25.6411970976;0.4578249212
10.5958849731;25.6605951157;0.4583107429
10.5958849731;25.6799909175;0.4587965092
10.5958849731;25.6993812340;0.4592821381
10.5958849731;25.7187666771;0.4597676449
10.5958849731;25.7381535955;0.4602531887
10.5958849731;25.7575368300;0.4607386403
10.5958849731;25.7769160474;0.4612239912
10.5958849731;25.7962896650;0.4617092018
10.5958849731;25.8156640244;0.4621944311
10.5958849731;25.8350361725;0.4626796050
10.5958849731;25.8544053592;0.4631647047
10.5958849731;25.8737708663;0.4636497122
10.5958849731;25.8931279154;0.4641345079
10.5958849731;25.9128165489;0.4425266812
10.5958849731;25.9321759136;0.4430132197
10.5958849731;25.9515330696;0.4434997028
10.5958849731;25.9708828317;0.4439860000
10.5958849731;25.9902315526;0.4444722711
10.5958849731;26.0095798514;0.4449585315
10.5958849731;26.0289252097;0.4454447181
10.5958849731;26.0482624438;0.4459307004
10.5958849731;26.0676019081;0.4464167389
10.5958849731;26.0869376842;0.4469026846
10.5958849731;26.1062694483;0.4473885295
10.5958849731;26.1255956337;0.4478742342
10.5958849731;26.1449225824;0.4483599581
10.5958849731;26.1642473138;0.4488456262
10.5958849731;26.1835691101;0.4493312206
10.5958849731;26.2028809762;0.4498165655
10.5958849731;26.2221968881;0.4503020120
10.5958849731;26.2415098513;0.4507873844
10.5958849731;26.2608191486;0.4512726646
10.5958849731;26.2801218016;0.4517577779
10.5958849731;26.2994241340;0.4522428831
10.5958849731;26.3187246064;0.4527279416
10.5958849731;26.3380228826;0.4532129449
10.5958849731;26.3573137927;0.4536977631
10.5958849731;26.3766054553;0.4541826001
10.5958849731;26.3958930970;0.4546673362
10.5958849731;26.4151788882;0.4551520257
10.5958849731;26.4344624863;0.4556366601
10.5958849731;26.4537387156;0.4561211093
10.5958849731;26.4730157148;0.4566055778
10.5958849731;26.4922905071;0.4570899909
10.5958849731;26.5115605422;0.4575742844
10.5958849731;26.5308243121;0.4580584205
10.5958849731;26.5500903191;0.4585426128
10.5958849731;26.5693533888;0.4590267313
10.5958849731;26.5886128051;0.4595107580
10.5958849731;26.6078637534;0.4599945718
10.5958849731;26.6275465275;0.4384460908
10.5958849731;26.6467998433;0.4389316401
10.5958849731;26.6660509723;0.4394171342
10.5958849731;26.6852947438;0.4399024428
10.5958849731;26.7045392890;0.4403877709
10.5958849731;26.7237797872;0.4408729970
10.5958849731;26.7430184821;0.4413581775
10.5958849731;26.7622505559;0.4418431911
10.5958849731;26.7814841370;0.4423282427
10.5958849731;26.8007122045;0.4428131553
10.5958849731;26.8199399406;0.4432980595
10.5958849731;26.8391603272;0.4437827783
10.5958849731;26.8583814906;0.4442675168
10.5958849731;26.8776004586;0.4447521999
10.5958849731;26.8968165154;0.4452368095
10.5958849731;26.9160270558;0.4457212801
10.5958849731;26.9352328564;0.4462056311
10.5958849731;26.9544401519;0.4466900198
10.5958849731;26.9736438072;0.4471743167
10.5958849731;26.9928434074;0.4476585113
10.5958849731;27.0120375448;0.4481425682
10.5958849731;27.0312324470;0.4486266443
10.5958849731;27.0504251748;0.4491106657
10.5958849731;27.0696142505;0.4495945949
10.5958849731;27.0887967366;0.4500783579
10.5958849731;27.1079807201;0.4505621587
10.5958849731;27.1271591976;0.4510458207
10.5958849731;27.1463373665;0.4515294748
10.5958849731;27.1655082028;0.4520129441
10.5958849731;27.1846798225;0.4524964331
10.5958849731;27.2038473807;0.4529798197
10.5958849731;27.2230139142;0.4534631804
10.5958849731;27.2421723883;0.4539463379
10.5958849731;27.2613331090;0.4544295520
10.5958849731;27.2804909161;0.4549126927
10.5958849731;27.2996450954;0.4553957418
10.5958849731;27.3187926807;0.4558786247
10.5958849731;27.3379398984;0.4563614983
10.5958849731;27.3570853582;0.4568443276
10.5958849731;27.3762286540;0.4573271023
10.5958849731;27.3953627408;0.4578096447
10.5958849731;27.4144995028;0.4582922547
10.5958849731;27.4336340868;0.4587748097
10.5958849731;27.4527650488;0.4592572733
10.5958849731;27.4718938340;0.4597396821
10.5958849731;27.4910153193;0.4602219067
10.5958849731;27.5101375787;0.4607041509
10.5958849731;27.5292557825;0.4611862928
10.5958849731;27.5483729773;0.4616684093
10.5958849731;27.5674821463;0.4621503233
10.5958849731;27.5865935505;0.4626322937
10.5958849731;27.6057001671;0.4631141434
10.5958849731;27.6248050523;0.4635959495
10.5958849731;27.6439033751;0.4640775900
10.5958849731;27.6630032047;0.4645592685
10.5958849731;27.6820994209;0.4650408559
10.5958849731;27.7011934675;0.4655223886
10.5958849731;27.7208609604;0.4440622435
10.5958849731;27.7399492332;0.4445452928
10.5958849731;27.7590372612;0.4450283359
10.5958849731;27.7781216630;0.4455112872
10.5958849731;27.7971995089;0.4459940726
10.5958849731;27.8162769495;0.4464768478
10.5958849731;27.8353526942;0.4469595801
10.5958849731;27.8544262736;0.4474422575
10.5958849731;27.8734925718;0.4479247507
10.5958849731;27.8925596511;0.4484072637
10.5958849731;27.9116245823;0.4488897223
10.5958849731;27.9306847084;0.4493720593
10.5958849731;27.9497431344;0.4498543532
10.5958849731;27.9687950130;0.4503364815
10.5958849731;27.9878484032;0.4508186481
10.5958849731;28.0075166960;0.4293812089
10.5958849731;28.0265669560;0.4298649555
10.5958849731;28.0449842466;0.4522645321
10.5958849731;28.0640253856;0.4527463886
10.5958849731;28.0830643818;0.4532281909
10.5958849731;28.1020997638;0.4537099017
10.5958849731;28.1211286059;0.4541914470
10.5958849731;28.1401570282;0.4546729817
10.5958849731;28.1591837866;0.4551544743
10.5958849731;28.1782083897;0.4556359124
10.5958849731;28.1972257285;0.4561171666
10.5958849731;28.2162419163;0.4565983917
10.5958849731;28.2352579035;0.4570796117
10.5958849731;28.2542710099;0.4575607588
10.5958849731;28.2732761282;0.4580417038
10.5958849731;28.2922834908;0.4585227055
10.5958849731;28.3112879903;0.4590036348
10.5958849731;28.3302869385;0.4594844237
10.5958849731;28.3492813022;0.4599650965
10.5958849731;28.3682771837;0.4604458077
10.5958849731;28.3872694773;0.4609264281
10.5958849731;28.4062576726;0.4614069448
10.5958849731;28.4252442301;0.4618874201
10.5958849731;28.4442242478;0.4623677299
10.5958849731;28.4632058008;0.4628480785
10.5958849731;28.4821837534;0.4633283360
10.5958849731;28.5011595766;0.4638085396
10.5958849731;28.5201281364;0.4642885595
10.5958849731;28.5390955477;0.4647685502
10.5958849731;28.5587592386;0.4433790063
10.5958849731;28.5777262190;0.4438606381
10.5958849731;28.5966852127;0.4443420671
10.5958849731;28.6156445072;0.4448235038
10.5958849731;28.6338959936;0.4671675775
10.5958849731;28.6528481955;0.4676471834
10.5958849731;28.6717938684;0.4681266240
10.5958849731;28.6907410805;0.4686061036
10.5958849731;28.7096847087;0.4690854925
10.5958849731;28.7286242289;0.4695647774
10.5958849731;28.7475584820;0.4700439291
10.5958849731;28.7664935331;0.4705231009
10.5958849731;28.7854264637;0.4710022191
10.5958849731;28.8043538316;0.4714811965
10.5958849731;28.8232766672;0.4719600592
10.5958849731;28.8422010283;0.4724389605
10.5958849731;28.8611218192;0.4729177715
10.5958849731;28.8800404764;0.4733965285
10.5958849731;28.8989519059;0.4738751026
10.5958849731;28.9178641362;0.4743536969
10.5958849731;28.9367722687;0.4748321875
10.5958849731;28.9556795251;0.4753106560
10.5958849731;28.9745832155;0.4757890342
10.5958849731;28.9934803925;0.4762672476
10.5958849731;29.0123771273;0.4767454498
10.5958849731;29.0312722675;0.4772236117
10.5958849731;29.0501652958;0.4777017201
10.5958849731;29.0690510887;0.4781796454
10.5958849731;29.0887069463;0.4568360602
10.5958849731;29.1075940210;0.4573156630
10.5958849731;29.1264755405;0.4577951247
10.5958849731;29.1453525461;0.4582744717
10.5958849731;29.1642310976;0.4587538581
10.5958849731;29.1831060741;0.4592331536
10.5958849731;29.2019769438;0.4597123449
10.5958849731;29.2208425827;0.4601914033
10.5958849731;29.2397090439;0.4606704826
10.5958849731;29.2585733827;0.4611495081
10.5958849731;29.2774348904;0.4616284616
10.5958849731;29.2962884492;0.4621072133
10.5958849731;29.3151442814;0.4625860227
10.5958849731;29.3339952625;0.4630647089
10.5958849731;29.3528446955;0.4635433558
10.5958849731;29.3716876331;0.4640218378
10.5958849731;29.3905321204;0.4645003591
10.5958849731;29.4093710300;0.4649787388
10.5958849731;29.4282098480;0.4654571162
10.5958849731;29.4470451005;0.4659354030
10.5958849731;29.4658738780;0.4664135254
10.5958849731;29.4847041988;0.4668916870
10.5958849731;29.5035309562;0.4673697581
10.5958849731;29.5223556153;0.4678477760
10.5958849731;29.5411710440;0.4683255594
10.5958849731;29.5599893189;0.4688034151
10.5958849731;29.5788054812;0.4692812172
10.5958849731;29.5976168013;0.4697588963
10.5958849731;29.6164222108;0.4702364253
10.5958849731;29.6352298982;0.4707140122
10.5958849731;29.6540347513;0.4711915271
10.5958849731;29.6728360633;0.4716689520
10.5958849731;29.6916308952;0.4721462125
10.5958849731;29.7104272822;0.4726235124
10.5958849731;29.7292180839;0.4731006705
10.5958849731;29.7480088233;0.4735778270
10.5958849731;29.7667916391;0.4740547823
10.5958849731;29.7855767349;0.4745317954
10.5958849731;29.8043569669;0.4750086851
10.5958849731;29.8231356968;0.4754855367
10.5958849731;29.8419079538;0.4759622238
10.5958849731;29.8606817684;0.4764389506
10.5958849731;29.8794520333;0.4769155872
10.5958849731;29.8982202117;0.4773921708
10.5958849731;29.9169811975;0.4778685717
10.5958849731;29.9357409769;0.4783449421
10.5958849731;29.9545006965;0.4788213109
10.5958849731;29.9732576090;0.4792976084
10.5958849731;29.9920109758;0.4797738159
10.5958849731;30.0107558471;0.4802498076
10.5958849731;30.0295043084;0.4807258906
10.5958849731;30.0482492425;0.4812018839
10.5958849731;30.0669920789;0.4816778240
10.5958849731;30.0857277478;0.4821535821
10.5958849731;30.1044642396;0.4826293611
10.5958849731;30.1231965982;0.4831050351
10.5958849731;30.1419274691;0.4835806714
10.5958849731;30.1606518988;0.4840561440
10.5958849731;30.1793778751;0.4845316560
10.5958849731;30.1980982715;0.4850070263
10.5958849731;30.2168186318;0.4854823956
10.5958849731;30.2355318325;0.4859575832
10.5958849731;30.2542458670;0.4864327919
10.5958849731;30.2729578102;0.4869079475
10.5958849731;30.2916669571;0.4873830321
10.5958849731;30.3103682096;0.4878579163
10.5958849731;30.3290696835;0.4883328060
10.5958849731;30.3477704114;0.4888076768
10.5958849731;30.3664676238;0.4892824584
10.5958849731;30.3851583893;0.4897570762
10.5958849731;30.4038486509;0.4902316813
10.5958849731;30.4225374520;0.4907062492
10.5958849731;30.4412241835;0.4911807647
10.5958849731;30.4599073862;0.4916551905
10.5958849731;30.4785841633;0.4921294531
10.5958849731;30.4972624919;0.4926037551
10.5958849731;30.5159352333;0.4930779153
10.5958849731;30.5346079673;0.4935520753
10.5958849731;30.5532735581;0.4940260538
10.5958849731;30.5719399805;0.4945000535
10.5958849731;30.5906022562;0.4949739479
10.5958849731;30.6092638102;0.4954478240
10.5958849731;30.6279175037;0.4959215005
10.5958849731;30.6465734722;0.4963952347
10.5958849731;30.6652266571;0.4968688983
10.5958849731;30.6838763213;0.4973424724
10.5958849731;30.7025195708;0.4978158837
10.5958849731;30.7211622858;0.4982892814
10.5958849731;30.7398035876;0.4987626432
10.5958849731;30.7584428126;0.4992359522
10.5958849731;30.7770741854;0.4997090619
10.5958849731;30.7957057410;0.5001821762
10.5958849731;30.8143366109;0.5006552731
10.5958849731;30.8329639656;0.5011282808
10.5958849731;30.8515849128;0.5016011257
10.5958849731;30.8702074173;0.5020740102
10.5958849731;30.8888264257;0.5025468059
10.5958849731;30.9074412613;0.5030194957
10.5958849731;30.9260510723;0.5034920578
10.5958849731;30.9446617218;0.5039646413
10.5958849731;30.9632703179;0.5044371726
10.5958849731;30.9818740191;0.5049095796
10.5958849731;31.0004763321;0.5053819513
10.5958849731;31.0190722371;0.5058541604
10.5958849731;31.0376697022;0.5063264090
10.5958849731;31.0562636772;0.5067985690
10.5958849731;31.0748555851;0.5072706766
10.5958849731;31.0934403775;0.5077426034
10.5958849731;31.1120238988;0.5082144980
10.5958849731;31.1306074835;0.5086863942
10.5958849731;31.1491875644;0.5091582014
10.5958849731;31.1677612531;0.5096298463
10.5958849731;31.1863343869;0.5101014771
10.5958849731;31.2049061523;0.5105730732
10.5958849731;31.2234758551;0.5110446168
10.5958849731;31.2420384500;0.5115159800
10.5958849731;31.2606018892;0.5119873646
10.5958849731;31.2791632849;0.5124586974
10.5958849731;31.2977197772;0.5129299056
10.5958849731;31.3162705692;0.5134009691
10.5958849731;31.3348236449;0.5138720905
10.5958849731;31.3533739604;0.5143431419
10.5958849731;31.3719186518;0.5148140505
10.5958849731;31.3904590889;0.5152848510
10.5958849731;31.4090010918;0.5157556913
10.5958849731;31.4275396183;0.5162264433
10.5958849731;31.4460760889;0.5166971431
10.5958849731;31.4646090845;0.5171677547
10.5958849731;31.4831356856;0.5176382039
10.5958849731;31.5016617357;0.5181086391
10.5958849731;31.5201864300;0.5185790398
10.5958849731;31.5387090887;0.5190493889
10.5958849731;31.5572246381;0.5195195575
10.5958849731;31.5746323162;0.5415860745
10.5958849731;31.5931441954;0.5420545375
10.5958849731;31.6116533243;0.5425229309
10.5958849731;31.6301546299;0.5429911263
10.5958849731;31.6486582420;0.5434593802
10.5958849731;31.6671590871;0.5439275640
10.5958849731;31.6856543198;0.5443956057
10.5958849731;31.7041453145;0.5448635402
10.5958849731;31.7226378989;0.5453315150
10.5958849731;31.7411270010;0.5457994016
10.5958849731;31.7596119244;0.5462671825
10.5958849731;31.7780911917;0.5467348202
10.5958849731;31.7965727490;0.5472025159
10.5958849731;31.8150515628;0.5476701422
10.5958849731;31.8335268976;0.5481376804
10.5958849731;31.8519958745;0.5486050578
10.5958849731;31.8704664248;0.5490724749
10.5958849731;31.8889313580;0.5495397499
10.5958849731;31.9073964073;0.5500070278
10.5958849731;31.9258543848;0.5504741268
10.5958849731;31.9443132197;0.5509412475
10.5958849731;31.9627678702;0.5514082623
10.5958849731;31.9812219261;0.5518752620
10.5958849731;31.9996725278;0.5523421744
10.5958849731;32.0181167608;0.5528089255
10.5958849731;32.0365625885;0.5532757170
10.5958849731;32.0550049452;0.5537424207
10.5958849731;32.0734452840;0.5542090733
10.5958849731;32.0918756533;0.5546754737
10.5958849731;32.1103105049;0.5551419874
10.5958849731;32.1287426048;0.5556084315
10.5958849731;32.1471712558;0.5560747884
10.5958849731;32.1655913701;0.5565409292
10.5958849731;32.1840152554;0.5570071654
10.5958849731;32.2024356750;0.5574733140
10.5958849731;32.2208540812;0.5579394116
10.5958849731;32.2392654128;0.5584053301
10.5958849731;32.2576776264;0.5588712710
10.5958849731;32.2760856278;0.5593371053
10.5958849731;32.2944930824;0.5598029257
10.5958849731;32.3128927500;0.5602685491
10.5958849731;32.3312947331;0.5607342311
10.5958849731;32.3496917858;0.5611997883
10.5958849731;32.3680875826;0.5616653138
10.5958849731;32.3864770281;0.5621306785
10.5958849731;32.4048680742;0.5625960837
10.5958849731;32.4232556625;0.5630614014
10.5958849731;32.4416412442;0.5635266683
10.5958849731;32.4600233693;0.5639918478
10.5958849731;32.4783969732;0.5644568116
10.5958849731;32.4967743525;0.5649218709
10.5958849731;32.5151482963;0.5653868434
10.5958849731;32.5335202267;0.5658517648
10.5958849731;32.5518829005;0.5663164520
10.5958849731;32.5690091413;0.5882838122
10.5958849731;32.5873704337;0.5887468655
10.5958849731;32.6057290103;0.5892098504
10.5958849731;32.6240798169;0.5896726393
10.5958849731;32.6424329442;0.5901354868
10.5958849731;32.6607811335;0.5905982097
10.5958849731;32.6791280975;0.5910609017
10.5958849731;32.6974687254;0.5915234339
10.5958849731;32.7158109600;0.5919860066
10.5958849731;32.7341475399;0.5924484368
10.5958849731;32.7524843311;0.5929108722
10.5958849731;32.7708133601;0.5933731119
10.5958849731;32.7891447118;0.5938354102
10.5958849731;32.8074733343;0.5942976397
10.5958849731;32.8257985339;0.5947597828
10.5958849731;32.8441174043;0.5952217663
10.5958849731;32.8624356677;0.5956837345
10.5958849731;32.8807527049;0.5961456718
10.5958849731;32.8990677506;0.5966075589
10.5958849731;32.9173757562;0.5970692684
10.5958849731;32.9356824375;0.5975309445
10.5958849731;32.9539893279;0.5979926259
10.5958849731;32.9722935148;0.5984542391
10.5958849731;32.9905942644;0.5989157657
10.5958849731;33.0088887028;0.5993771330
10.5958849731;33.0271847629;0.5998385413
10.5958849731;33.0454751510;0.6002998065
10.5958849731;33.0637657680;0.6007610775
10.5958849731;33.0820486494;0.6012221534
10.5958849731;33.1003338677;0.6016832883
10.5958849731;33.1186141260;0.6021442980
10.5958849731;33.1368931922;0.6026052777
10.5958849731;33.1551659540;0.6030660984
10.5958849731;33.1734403400;0.6035269601
10.5958849731;33.1917112858;0.6039877350
10.5958849731;33.2099802393;0.6044484597
10.5958849731;33.2282421784;0.6049090074
10.5958849731;33.2465027910;0.6053695218
10.5958849731;33.2647636301;0.6058300418
10.5958849731;33.2830217657;0.6062904936
10.5958849731;33.3012721978;0.6067507512
10.5958849731;33.3181840298;0.6286379963
10.5958849731;33.3364316444;0.6290965944
10.5958849731;33.3546758457;0.6295551067
10.5958849731;33.3729137749;0.6300134614
10.5958849731;33.3911525778;0.6304718381
10.5958849731;33.4093893954;0.6309301648
10.5958849731;33.4276212661;0.6313883673
10.5958849731;33.4458519959;0.6318465410
10.5958849731;33.4640764155;0.6323045562
10.5958849731;33.4823024444;0.6327626118
10.5958849731;33.5005228120;0.6332205252
10.5958849731;33.5187434709;0.6336784458
10.5958849731;33.5369571104;0.6341361901
10.5958849731;33.5551716478;0.6345939569
10.5958849731;33.5733842047;0.6350516740
10.5958849731;33.5915940904;0.6355093239
10.5958849731;33.6097962480;0.6359667796
10.5958849731;33.6279984690;0.6364242368
10.5958849731;33.6462002588;0.6368816833
10.5958849731;33.6643986678;0.6373390448
10.5958849731;33.6825907767;0.6377962479
10.5958849731;33.7007822336;0.6382534347
10.5958849731;33.7189725539;0.6387105929
10.5958849731;33.7371609200;0.6391677020
10.5958849731;33.7553415655;0.6396246170
10.5958849731;33.7735245369;0.6400815905
10.5958849731;33.7917048223;0.6405384965
10.5958849731;33.8098794610;0.6409952606
10.5958849731;33.8280500766;0.6414519236
10.5958849731;33.8462223070;0.6419086271
10.5958849731;33.8643889933;0.6423651914
10.5958849731;33.8825536038;0.6428217034
10.5958849731;33.9007177845;0.6432782047
10.5958849731;33.9188785721;0.6437346207
10.5958849731;33.9370373900;0.6441909871
10.5958849731;33.9551935489;0.6446472868
10.5958849731;33.9733462949;0.6451035007
10.5958849731;33.9914884811;0.6455594492
10.5958849731;34.0096343199;0.6460154894
10.5958849731;34.0277790293;0.6464715014
10.5958849731;34.0459217722;0.6469274638
10.5958849731;34.0640611271;0.6473833412
10.5958849731;34.0821962516;0.6478391122
10.5958849731;34.1003309642;0.6482948729
10.5958849731;34.1184622908;0.6487505484
10.5958849731;34.1365830669;0.6492059588
10.5958849731;34.1547097781;0.6496615184
10.5958849731;34.1728330833;0.6501169924
10.5958849731;34.1909544264;0.6505724171
10.5958849731;34.2090708030;0.6510277169
10.5958849731;34.2271861123;0.6514829899
10.5958849731;34.2452994393;0.6519382131
10.5958849731;34.2634077985;0.6523933115
10.5958849731;34.2815064919;0.6528481669
10.5958849731;34.2996118307;0.6533031894
10.5958849731;34.3177144788;0.6537581442
10.5958849731;34.3358137485;0.6542130141
10.5958849731;34.3539110610;0.6546678348
10.5958849731;34.3720050183;0.6551225712
10.5958849731;34.3900946928;0.6555772000
10.5958849731;34.4081840050;0.6560318197
10.5958849731;34.4262699422;0.6564863545
10.5958849731;34.4443453707;0.6569406252
10.5958849731;34.4624243811;0.6573949860
10.5958849731;34.4805023259;0.6578493200
10.5958849731;34.4985783177;0.6583036049
10.5958849731;34.5166516693;0.6587578234
10.5958849731;34.5347216276;0.6592119567
10.5958849731;34.5527896345;0.6596660409
10.5958849731;34.5708549808;0.6601200583
10.5958849731;34.5889060929;0.6605737179
10.5958849731;34.6069661197;0.6610276016
10.5958849731;34.6250234877;0.6614814184
10.5958849731;34.6430774882;0.6619351506
10.5958849731;34.6611272425;0.6623887761
10.5958849731;34.6791766369;0.6628423926
10.5958849731;34.6972226657;0.6632959244
10.5958849731;34.7152667479;0.6637494074
10.5958849731;34.7332989221;0.6642025911
10.5958849731;34.7513376952;0.6646559406
10.5958849731;34.7693714877;0.6651091649
10.5958849731;34.7874042656;0.6655623638
10.5958849731;34.8054350773;0.6660155132
10.5958849731;34.8234632366;0.6664685960
10.5958849731;34.8414857050;0.6669215357
10.5958849731;34.8595085829;0.6673744858
10.5958849731;34.8775202271;0.6678271535
10.5958849731;34.8955370742;0.6682799520
10.5958849731;34.9135519807;0.6687327017
10.5958849731;34.9315642607;0.6691853854
10.5958849731;34.9495731617;0.6696379841
10.5958849731;34.9675777857;0.6700904754
10.5958849731;34.9855820995;0.6705429589
10.5958849731;35.0035830810;0.6709953587
10.5958849731;35.0215821026;0.6714477091
10.5958849731;35.0411315971;0.6506282583
10.5958849731;35.0591276739;0.6510821013
10.5958849731;35.0771211277;0.6515358781
10.5958849731;35.0951112074;0.6519895699
10.5958849731;35.1130993516;0.6524432128
10.5958849731;35.1310848527;0.6528967891
10.5958849731;35.1490646770;0.6533502222
10.5958849731;35.1670448928;0.6538036652
10.5958849731;35.1850139171;0.6542568259
10.5958849731;35.2029881437;0.6547101179
10.5958849731;35.2209581074;0.6551633023
10.5958849731;35.2389277610;0.6556164789
10.5958849731;35.2568940680;0.6560695712
10.5958849731;35.2748584442;0.6565226147
10.5958849731;35.2928202045;0.6569755922
10.5958849731;35.3107785983;0.6574284849
10.5958849731;35.3303292574;0.6366280268
10.5958849731;35.3482823547;0.6370823492
10.5958849731;35.3662359029;0.6375366831
10.5958849731;35.3841867942;0.6379909497
10.5958849731;35.4021343434;0.6384451317
10.5958849731;35.4200776016;0.6388992052
10.5958849731;35.4380206098;0.6393532723
10.5958849731;35.4559602565;0.6398072544
10.5958849731;35.4738979775;0.6402611877
10.5958849731;35.4918245483;0.6407148389
10.5958849731;35.5097562993;0.6411686211
10.5958849731;35.5276837564;0.6416222947
10.5958849731;35.5456109519;0.6420759617
10.5958849731;35.5635348323;0.6425295448
10.5958849731;35.5814567687;0.6429830787
10.5958849731;35.5993737026;0.6434364860
10.5958849731;35.6172896747;0.6438898689
10.5958849731;35.6368378261;0.6231138817
10.5958849731;35.6547508681;0.6235687507
10.5958849731;35.6726619895;0.6240235709
10.5958849731;35.6905704844;0.6244783244
10.5958849731;35.7084756679;0.6249329938
10.5958849731;35.7263765305;0.6253875535
10.5958849731;35.7442771484;0.6258421070
10.5958849731;35.7621744360;0.6262965759
10.5958849731;35.7800612979;0.6267507801
10.5958849731;35.7979516605;0.6272050732
10.5958849731;35.8158410788;0.6276593423
10.5958849731;35.8337285814;0.6281135627
10.5958849731;35.8516134835;0.6285677172
10.5958849731;35.8694950382;0.6290217866
10.5958849731;35.8873746787;0.6294758074
10.5958849731;35.9052493082;0.6299297009
10.5958849731;35.9231230244;0.6303835713
10.5958849731;35.9409862832;0.6308371761
10.5958849731;35.9588554485;0.6312909309
10.5958849731;35.9767188957;0.6317445406
10.5958849731;35.9962724655;0.6109929674
10.5958849731;36.0141353848;0.6114481200
10.5958849731;36.0319963934;0.6119032240
10.5958849731;36.0498547863;0.6123582612
10.5958849731;36.0677098792;0.6128132144
10.5958849731;36.0855545240;0.6132679014
10.5958849731;36.1034026714;0.6137226776
10.5958849731;36.1212499020;0.6141774304
10.5958849731;36.1390952454;0.6146321352
10.5958849731;36.1569379561;0.6150867729
10.5958849731;36.1747749436;0.6155412647
10.5958849731;36.1926124307;0.6159957693
10.5958849731;36.2104473277;0.6164502079
10.5958849731;36.2282703760;0.6169043445
10.5958849731;36.2461000339;0.6173586496
10.5958849731;36.2639271036;0.6178128888
10.5958849731;36.2817508400;0.6182670430
10.5958849731;36.2995702597;0.6187210872
10.5958849731;36.3173887805;0.6191751085
10.5958849731;36.3352054200;0.6196290819
10.5958849731;36.3530170162;0.6200829268
10.5958849731;36.3708277185;0.6205367489
10.5958849731;36.3886280124;0.6209903057
10.5958849731;36.4064342314;0.6214440136
10.5958849731;36.4242371219;0.6218976366
10.5958849731;36.4420381136;0.6223512113
10.5958849731;36.4598365028;0.6228047197
10.5958849731;36.4776291830;0.6232580825
10.5958849731;36.4954223680;0.6237114583
10.5958849731;36.5132129522;0.6241647678
10.5958849731;36.5309917293;0.6246177764
10.5958849731;36.5487747073;0.6250708921
10.5958849731;36.5665574923;0.6255240028
10.5958849731;36.5843369750;0.6259770294
10.5958849731;36.6021145636;0.6264300078
10.5958849731;36.6198888721;0.6268829026
10.5958849731;36.6376612666;0.6273357486
10.5958849731;36.6554310649;0.6277885284
10.5958849731;36.6731866312;0.6282409456
10.5958849731;36.6909512593;0.6286935937
10.5958849731;36.7087132720;0.6291461752
10.5958849731;36.7264719875;0.6295986726
10.5958849731;36.7460126968;0.6089103238
10.5958849731;36.7637692305;0.6093643130
10.5958849731;36.7815224478;0.6098182175
10.5958849731;36.7992737761;0.6102720737
10.5958849731;36.8170140195;0.6107256464
10.5958849731;36.8347594826;0.6111793526
10.5958849731;36.8525005929;0.6116329475
10.5958849731;36.8702415570;0.6120865387
10.5958849731;36.8879792288;0.6125400457
10.5958849731;36.9057150349;0.6129935050
10.5958849731;36.9234450806;0.6134468171
10.5958849731;36.9411756891;0.6139001435
10.5958849731;36.9589037308;0.6143534043
10.5958849731;36.9766199754;0.6148063634
10.5958849731;36.9943428246;0.6152594915
10.5958849731;37.0120630882;0.6157125534
10.5958849731;37.0297800848;0.6161655318
10.5958849731;37.0474927233;0.6166183987
10.5958849731;37.0652052327;0.6170712624
10.5958849731;37.0847446927;0.5964059221
10.5958849731;37.1024543255;0.5968602562
10.5958849731;37.1219855380;0.5761952907
10.5958849731;37.1396915521;0.5766510759
10.5958849731;37.1592359946;0.5559836342
10.5958849731;37.1769398332;0.5564409076
